r,rho,m,P,H
1.0000000000e+02,2.0000000000e+15,4.2132052971e-12,2.0433770000e+36,1.9388860000e+09
1.0999900000e+03,1.9999980000e+15,5.6076215293e-09,2.0433700000e+36,1.7626400000e+08
2.0999800000e+03,1.9999930000e+15,3.9017297763e-08,2.0433530000e+36,9.2328780000e+07
3.0999700000e+03,1.9999850000e+15,1.2551139666e-07,2.0433260000e+36,6.2545320000e+07
4.0999600000e+03,1.9999740000e+15,2.9036754872e-07,2.0432880000e+36,4.7290370000e+07
5.0999500000e+03,1.9999600000e+15,5.5886264516e-07,2.0432390000e+36,3.8017750000e+07
6.0999400000e+03,1.9999430000e+15,9.5627266190e-07,2.0431800000e+36,3.1785340000e+07
7.0999300000e+03,1.9999220000e+15,1.5078727199e-06,2.0431110000e+36,2.7308530000e+07
8.0999200000e+03,1.9998990000e+15,2.2389357776e-06,2.0430310000e+36,2.3937110000e+07
9.0999100000e+03,1.9998720000e+15,3.1747332846e-06,2.0429400000e+36,2.1306660000e+07
1.0099900000e+04,1.9998430000e+15,4.3405356849e-06,2.0428390000e+36,1.9197100000e+07
1.1099890000e+04,1.9998100000e+15,5.7616088960e-06,2.0427270000e+36,1.7467630000e+07
1.2099880000e+04,1.9997740000e+15,7.4632248706e-06,2.0426050000e+36,1.6024030000e+07
1.3099870000e+04,1.9997360000e+15,9.4706329301e-06,2.0424720000e+36,1.4800820000e+07
1.4099860000e+04,1.9996940000e+15,1.1809109553e-05,2.0423290000e+36,1.3751120000e+07
1.5099850000e+04,1.9996490000e+15,1.4503896015e-05,2.0421750000e+36,1.2840450000e+07
1.6099840000e+04,1.9996010000e+15,1.7580258736e-05,2.0420110000e+36,1.2042910000e+07
1.7099830000e+04,1.9995500000e+15,2.1063438991e-05,2.0418360000e+36,1.1338650000e+07
1.8099820000e+04,1.9994950000e+15,2.4978688113e-05,2.0416510000e+36,1.0712210000e+07
1.9099810000e+04,1.9994380000e+15,2.9351242347e-05,2.0414550000e+36,1.0151370000e+07
2.0099800000e+04,1.9993780000e+15,3.4206347998e-05,2.0412490000e+36,9.6463250000e+06
2.1099790000e+04,1.9993140000e+15,3.9569231253e-05,2.0410320000e+36,9.1891560000e+06
2.2099780000e+04,1.9992480000e+15,4.5465128358e-05,2.0408040000e+36,8.7733600000e+06
2.3099770000e+04,1.9991780000e+15,5.1919275558e-05,2.0405670000e+36,8.3935630000e+06
2.4099760000e+04,1.9991050000e+15,5.8956858808e-05,2.0403180000e+36,8.0452850000e+06
2.5099750000e+04,1.9990300000e+15,6.6603069091e-05,2.0400590000e+36,7.7247590000e+06
2.6099740000e+04,1.9989510000e+15,7.4883203003e-05,2.0397900000e+36,7.4287940000e+06
2.7099730000e+04,1.9988690000e+15,8.3822406263e-05,2.0395100000e+36,7.1546710000e+06
2.8099720000e+04,1.9987840000e+15,9.3445874886e-05,2.0392200000e+36,6.9000590000e+06
2.9099710000e+04,1.9986960000e+15,1.0377880488e-04,2.0389190000e+36,6.6629460000e+06
3.0099700000e+04,1.9986050000e+15,1.1484634198e-04,2.0386080000e+36,6.4415880000e+06
3.1099690000e+04,1.9985110000e+15,1.2667378276e-04,2.0382860000e+36,6.2344660000e+06
3.2099680000e+04,1.9984130000e+15,1.3928612208e-04,2.0379540000e+36,6.0402480000e+06
3.3099670000e+04,1.9983130000e+15,1.5270865654e-04,2.0376110000e+36,5.8577650000e+06
3.4099660000e+04,1.9982090000e+15,1.6696653185e-04,2.0372580000e+36,5.6859860000e+06
3.5099650000e+04,1.9981030000e+15,1.8208479315e-04,2.0368950000e+36,5.5239940000e+06
3.6099640000e+04,1.9979930000e+15,1.9808868675e-04,2.0365210000e+36,5.3709770000e+06
3.7099630000e+04,1.9978810000e+15,2.1500330807e-04,2.0361370000e+36,5.2262090000e+06
3.8099620000e+04,1.9977650000e+15,2.3285375255e-04,2.0357420000e+36,5.0890400000e+06
3.9099610000e+04,1.9976460000e+15,2.5166511562e-04,2.0353370000e+36,4.9588870000e+06
4.0099600000e+04,1.9975240000e+15,2.7146259328e-04,2.0349210000e+36,4.8352260000e+06
4.1099590000e+04,1.9973990000e+15,2.9227123068e-04,2.0344950000e+36,4.7175830000e+06
4.2099580000e+04,1.9972710000e+15,3.1411607295e-04,2.0340580000e+36,4.6055280000e+06
4.3099570000e+04,1.9971400000e+15,3.3702226582e-04,2.0336120000e+36,4.4986730000e+06
4.4099560000e+04,1.9970060000e+15,3.6101485442e-04,2.0331540000e+36,4.3966640000e+06
4.5099550000e+04,1.9968690000e+15,3.8611888390e-04,2.0326870000e+36,4.2991790000e+06
4.6099540000e+04,1.9967290000e+15,4.1235934909e-04,2.0322090000e+36,4.2059220000e+06
4.7099530000e+04,1.9965850000e+15,4.3976139572e-04,2.0317200000e+36,4.1166260000e+06
4.8099520000e+04,1.9964390000e+15,4.6834996835e-04,2.0312220000e+36,4.0310430000e+06
4.9099510000e+04,1.9962900000e+15,4.9815016240e-04,2.0307130000e+36,3.9489460000e+06
5.0099500000e+04,1.9961370000e+15,5.2918667097e-04,2.0301930000e+36,3.8701260000e+06
5.1099490000e+04,1.9959820000e+15,5.6148534387e-04,2.0296630000e+36,3.7943900000e+06
5.2099480000e+04,1.9958230000e+15,5.9506996894e-04,2.0291230000e+36,3.7215620000e+06
5.3099470000e+04,1.9956610000e+15,6.2996619483e-04,2.0285730000e+36,3.6514780000e+06
5.4099460000e+04,1.9954960000e+15,6.6619916724e-04,2.0280120000e+36,3.5839840000e+06
5.5099450000e+04,1.9953290000e+15,7.0379352900e-04,2.0274410000e+36,3.5189390000e+06
5.6099440000e+04,1.9951580000e+15,7.4277392290e-04,2.0268600000e+36,3.4562140000e+06
5.7099430000e+04,1.9949840000e+15,7.8316549467e-04,2.0262680000e+36,3.3956850000e+06
5.8099420000e+04,1.9948070000e+15,8.2499339003e-04,2.0256670000e+36,3.3372400000e+06
5.9099410000e+04,1.9946270000e+15,8.6828275470e-04,2.0250540000e+36,3.2807730000e+06
6.0099400000e+04,1.9944440000e+15,9.1305772857e-04,2.0244320000e+36,3.2261850000e+06
6.1099390000e+04,1.9942570000e+15,9.5934345736e-04,2.0237990000e+36,3.1733840000e+06
6.2099380000e+04,1.9940680000e+15,1.0071645839e-03,2.0231570000e+36,3.1222830000e+06
6.3099370000e+04,1.9938760000e+15,1.0565467568e-03,2.0225040000e+36,3.0728010000e+06
6.4099360000e+04,1.9936810000e+15,1.1075136130e-03,2.0218400000e+36,3.0248640000e+06
6.5099350000e+04,1.9934820000e+15,1.1600913041e-03,2.0211670000e+36,2.9783990000e+06
6.6099340000e+04,1.9932810000e+15,1.2143034671e-03,2.0204830000e+36,2.9333400000e+06
6.7099330000e+04,1.9930760000e+15,1.2701752477e-03,2.0197890000e+36,2.8896230000e+06
6.8099320000e+04,1.9928690000e+15,1.3277317916e-03,2.0190850000e+36,2.8471910000e+06
6.9099310000e+04,1.9926580000e+15,1.3869972387e-03,2.0183710000e+36,2.8059870000e+06
7.0099300000e+04,1.9924440000e+15,1.4479967347e-03,2.0176460000e+36,2.7659580000e+06
7.1099290000e+04,1.9922280000e+15,1.5107549224e-03,2.0169120000e+36,2.7270550000e+06
7.2099280000e+04,1.9920080000e+15,1.5752964447e-03,2.0161670000e+36,2.6892310000e+06
7.3099270000e+04,1.9917850000e+15,1.6416459444e-03,2.0154130000e+36,2.6524410000e+06
7.4099260000e+04,1.9915590000e+15,1.7098280642e-03,2.0146480000e+36,2.6166450000e+06
7.5099250000e+04,1.9913310000e+15,1.7798674469e-03,2.0138730000e+36,2.5818010000e+06
7.6099240000e+04,1.9910990000e+15,1.8517892384e-03,2.0130880000e+36,2.5478740000e+06
7.7099230000e+04,1.9908640000e+15,1.9256170754e-03,2.0122930000e+36,2.5148260000e+06
7.8099220000e+04,1.9906260000e+15,2.0013766068e-03,2.0114870000e+36,2.4826240000e+06
7.9099210000e+04,1.9903850000e+15,2.0790914695e-03,2.0106720000e+36,2.4512370000e+06
8.0099200000e+04,1.9901410000e+15,2.1587868091e-03,2.0098470000e+36,2.4206330000e+06
8.1099190000e+04,1.9898940000e+15,2.2404872686e-03,2.0090120000e+36,2.3907840000e+06
8.2099180000e+04,1.9896440000e+15,2.3242169877e-03,2.0081660000e+36,2.3616610000e+06
8.3099170000e+04,1.9893900000e+15,2.4100001064e-03,2.0073110000e+36,2.3332400000e+06
8.4099160000e+04,1.9891340000e+15,2.4978622734e-03,2.0064460000e+36,2.3054940000e+06
8.5099150000e+04,1.9888750000e+15,2.5878271255e-03,2.0055700000e+36,2.2784000000e+06
8.6099140000e+04,1.9886130000e+15,2.6799188027e-03,2.0046850000e+36,2.2519350000e+06
8.7099130000e+04,1.9883480000e+15,2.7741629537e-03,2.0037900000e+36,2.2260780000e+06
8.8099120000e+04,1.9880790000e+15,2.8705827124e-03,2.0028850000e+36,2.2008070000e+06
8.9099110000e+04,1.9878080000e+15,2.9692032246e-03,2.0019700000e+36,2.1761040000e+06
9.0099100000e+04,1.9875340000e+15,3.0700486303e-03,2.0010450000e+36,2.1519490000e+06
9.1099090000e+04,1.9872560000e+15,3.1731430692e-03,2.0001100000e+36,2.1283240000e+06
9.2099080000e+04,1.9869760000e+15,3.2785111843e-03,1.9991650000e+36,2.1052110000e+06
9.3099070000e+04,1.9866920000e+15,3.3861771153e-03,1.9982110000e+36,2.0825960000e+06
9.4099060000e+04,1.9864060000e+15,3.4961655051e-03,1.9972460000e+36,2.0604600000e+06
9.5099050000e+04,1.9861160000e+15,3.6084999907e-03,1.9962720000e+36,2.0387900000e+06
9.6099040000e+04,1.9858240000e+15,3.7232052149e-03,1.9952880000e+36,2.0175710000e+06
9.7099030000e+04,1.9855280000e+15,3.8403053176e-03,1.9942940000e+36,1.9967890000e+06
9.8099020000e+04,1.9852300000e+15,3.9598244386e-03,1.9932910000e+36,1.9764300000e+06
9.9099010000e+04,1.9849280000e+15,4.0817867179e-03,1.9922770000e+36,1.9564820000e+06
1.0009900000e+05,1.9846240000e+15,4.2062167983e-03,1.9912540000e+36,1.9369320000e+06
1.0109900000e+05,1.9843160000e+15,4.3331383167e-03,1.9902210000e+36,1.9177690000e+06
1.0209900000e+05,1.9840060000e+15,4.4625754130e-03,1.9891790000e+36,1.8989800000e+06
1.0309900000e+05,1.9836920000e+15,4.5945522272e-03,1.9881260000e+36,1.8805570000e+06
1.0409900000e+05,1.9833760000e+15,4.7290923962e-03,1.9870640000e+36,1.8624870000e+06
1.0509900000e+05,1.9830560000e+15,4.8662210657e-03,1.9859930000e+36,1.8447600000e+06
1.0609890000e+05,1.9827340000e+15,5.0059613698e-03,1.9849110000e+36,1.8273680000e+06
1.0709890000e+05,1.9824080000e+15,5.1483349338e-03,1.9838200000e+36,1.8103000000e+06
1.0809890000e+05,1.9820790000e+15,5.2933754530e-03,1.9827190000e+36,1.7935470000e+06
1.0909890000e+05,1.9817480000e+15,5.4410914769e-03,1.9816090000e+36,1.7771020000e+06
1.1009890000e+05,1.9814130000e+15,5.5915182095e-03,1.9804890000e+36,1.7609550000e+06
1.1109890000e+05,1.9810760000e+15,5.7446807966e-03,1.9793600000e+36,1.7450980000e+06
1.1209890000e+05,1.9807350000e+15,5.9005943256e-03,1.9782210000e+36,1.7295250000e+06
1.1309890000e+05,1.9803920000e+15,6.0592889713e-03,1.9770720000e+36,1.7142260000e+06
1.1409890000e+05,1.9800450000e+15,6.2207848504e-03,1.9759140000e+36,1.6991950000e+06
1.1509890000e+05,1.9796950000e+15,6.3851071085e-03,1.9747470000e+36,1.6844250000e+06
1.1609880000e+05,1.9793430000e+15,6.5522808914e-03,1.9735700000e+36,1.6699100000e+06
1.1709880000e+05,1.9789870000e+15,6.7223313447e-03,1.9723830000e+36,1.6556420000e+06
1.1809880000e+05,1.9786290000e+15,6.8952735560e-03,1.9711870000e+36,1.6416150000e+06
1.1909880000e+05,1.9782670000e+15,7.0711427293e-03,1.9699820000e+36,1.6278240000e+06
1.2009880000e+05,1.9779030000e+15,7.2499589810e-03,1.9687670000e+36,1.6142620000e+06
1.2109880000e+05,1.9775350000e+15,7.4317424278e-03,1.9675420000e+36,1.6009240000e+06
1.2209880000e+05,1.9771650000e+15,7.6165131863e-03,1.9663090000e+36,1.5878040000e+06
1.2309880000e+05,1.9767920000e+15,7.8043064605e-03,1.9650660000e+36,1.5748970000e+06
1.2409880000e+05,1.9764150000e+15,7.9951373378e-03,1.9638130000e+36,1.5621980000e+06
1.2509880000e+05,1.9760360000e+15,8.1890309639e-03,1.9625510000e+36,1.5497010000e+06
1.2609870000e+05,1.9756540000e+15,8.3860124845e-03,1.9612800000e+36,1.5374030000e+06
1.2709870000e+05,1.9752680000e+15,8.5861070454e-03,1.9600000000e+36,1.5252980000e+06
1.2809870000e+05,1.9748800000e+15,8.7893297340e-03,1.9587100000e+36,1.5133810000e+06
1.2909870000e+05,1.9744890000e+15,8.9957157544e-03,1.9574120000e+36,1.5016490000e+06
1.3009870000e+05,1.9740940000e+15,9.2052751647e-03,1.9561030000e+36,1.4900970000e+06
1.3109870000e+05,1.9736970000e+15,9.4180431691e-03,1.9547860000e+36,1.4787210000e+06
1.3209870000e+05,1.9732970000e+15,9.6340348548e-03,1.9534600000e+36,1.4675160000e+06
1.3309870000e+05,1.9728940000e+15,9.8532803969e-03,1.9521240000e+36,1.4564800000e+06
1.3409870000e+05,1.9724880000e+15,1.0075799912e-02,1.9507790000e+36,1.4456080000e+06
1.3509870000e+05,1.9720790000e+15,1.0301613516e-02,1.9494250000e+36,1.4348970000e+06
1.3609860000e+05,1.9716670000e+15,1.0530746356e-02,1.9480620000e+36,1.4243430000e+06
1.3709860000e+05,1.9712520000e+15,1.0763228606e-02,1.9466900000e+36,1.4139430000e+06
1.3809860000e+05,1.9708340000e+15,1.0999070324e-02,1.9453080000e+36,1.4036930000e+06
1.3909860000e+05,1.9704130000e+15,1.1238306714e-02,1.9439180000e+36,1.3935900000e+06
1.4009860000e+05,1.9699900000e+15,1.1480952864e-02,1.9425190000e+36,1.3836310000e+06
1.4109860000e+05,1.9695630000e+15,1.1727033920e-02,1.9411100000e+36,1.3738120000e+06
1.4209860000e+05,1.9691330000e+15,1.1976575027e-02,1.9396930000e+36,1.3641320000e+06
1.4309860000e+05,1.9687000000e+15,1.2229596301e-02,1.9382660000e+36,1.3545870000e+06
1.4409860000e+05,1.9682650000e+15,1.2486122889e-02,1.9368310000e+36,1.3451740000e+06
1.4509860000e+05,1.9678260000e+15,1.2746179937e-02,1.9353870000e+36,1.3358900000e+06
1.4609850000e+05,1.9673850000e+15,1.3009782531e-02,1.9339340000e+36,1.3267330000e+06
1.4709850000e+05,1.9669410000e+15,1.3276960846e-02,1.9324710000e+36,1.3177000000e+06
1.4809850000e+05,1.9664930000e+15,1.3547735000e-02,1.9310010000e+36,1.3087890000e+06
1.4909850000e+05,1.9660430000e+15,1.3822130138e-02,1.9295210000e+36,1.2999970000e+06
1.5009850000e+05,1.9655900000e+15,1.4100161347e-02,1.9280320000e+36,1.2913220000e+06
1.5109850000e+05,1.9651340000e+15,1.4381858802e-02,1.9265350000e+36,1.2827620000e+06
1.5209850000e+05,1.9646750000e+15,1.4667247648e-02,1.9250280000e+36,1.2743130000e+06
1.5309850000e+05,1.9642130000e+15,1.4956342974e-02,1.9235130000e+36,1.2659750000e+06
1.5409850000e+05,1.9637480000e+15,1.5249169926e-02,1.9219900000e+36,1.2577450000e+06
1.5509850000e+05,1.9632800000e+15,1.5545753647e-02,1.9204570000e+36,1.2496200000e+06
1.5609840000e+05,1.9628090000e+15,1.5846109227e-02,1.9189160000e+36,1.2415990000e+06
1.5709840000e+05,1.9623360000e+15,1.6150271870e-02,1.9173660000e+36,1.2336800000e+06
1.5809840000e+05,1.9618590000e+15,1.6458251632e-02,1.9158080000e+36,1.2258610000e+06
1.5909840000e+05,1.9613800000e+15,1.6770078690e-02,1.9142410000e+36,1.2181390000e+06
1.6009840000e+05,1.9608970000e+15,1.7085773160e-02,1.9126650000e+36,1.2105140000e+06
1.6109840000e+05,1.9604120000e+15,1.7405355158e-02,1.9110800000e+36,1.2029830000e+06
1.6209840000e+05,1.9599240000e+15,1.7728854860e-02,1.9094880000e+36,1.1955450000e+06
1.6309840000e+05,1.9594330000e+15,1.8056282323e-02,1.9078860000e+36,1.1881980000e+06
1.6409840000e+05,1.9589390000e+15,1.8387667723e-02,1.9062760000e+36,1.1809390000e+06
1.6509830000e+05,1.9584420000e+15,1.8723031176e-02,1.9046580000e+36,1.1737690000e+06
1.6609830000e+05,1.9579420000e+15,1.9062397828e-02,1.9030310000e+36,1.1666840000e+06
1.6709830000e+05,1.9574390000e+15,1.9405787795e-02,1.9013960000e+36,1.1596840000e+06
1.6809830000e+05,1.9569340000e+15,1.9753221194e-02,1.8997520000e+36,1.1527660000e+06
1.6909830000e+05,1.9564250000e+15,2.0104723171e-02,1.8981000000e+36,1.1459300000e+06
1.7009830000e+05,1.9559140000e+15,2.0460313841e-02,1.8964390000e+36,1.1391740000e+06
1.7109830000e+05,1.9554000000e+15,2.0820013323e-02,1.8947700000e+36,1.1324970000e+06
1.7209830000e+05,1.9548820000e+15,2.1183851791e-02,1.8930930000e+36,1.1258970000e+06
1.7309830000e+05,1.9543620000e+15,2.1551839302e-02,1.8914070000e+36,1.1193730000e+06
1.7409830000e+05,1.9538390000e+15,2.1924011062e-02,1.8897140000e+36,1.1129230000e+06
1.7509820000e+05,1.9533140000e+15,2.2300377127e-02,1.8880110000e+36,1.1065470000e+06
1.7609820000e+05,1.9527850000e+15,2.2680962645e-02,1.8863010000e+36,1.1002420000e+06
1.7709820000e+05,1.9522530000e+15,2.3065792760e-02,1.8845830000e+36,1.0940090000e+06
1.7809820000e+05,1.9517190000e+15,2.3454887590e-02,1.8828560000e+36,1.0878450000e+06
1.7909820000e+05,1.9511820000e+15,2.3848267251e-02,1.8811210000e+36,1.0817490000e+06
1.8009820000e+05,1.9506420000e+15,2.4245951859e-02,1.8793780000e+36,1.0757210000e+06
1.8109820000e+05,1.9500980000e+15,2.4647971589e-02,1.8776270000e+36,1.0697590000e+06
1.8209820000e+05,1.9495530000e+15,2.5054336500e-02,1.8758680000e+36,1.0638620000e+06
1.8309820000e+05,1.9490040000e+15,2.5465076766e-02,1.8741000000e+36,1.0580290000e+06
1.8409820000e+05,1.9484520000e+15,2.5880212505e-02,1.8723250000e+36,1.0522590000e+06
1.8509810000e+05,1.9478980000e+15,2.6299763832e-02,1.8705420000e+36,1.0465510000e+06
1.8609810000e+05,1.9473400000e+15,2.6723750864e-02,1.8687500000e+36,1.0409040000e+06
1.8709810000e+05,1.9467800000e+15,2.7152193718e-02,1.8669510000e+36,1.0353170000e+06
1.8809810000e+05,1.9462170000e+15,2.7585117540e-02,1.8651440000e+36,1.0297890000e+06
1.8909810000e+05,1.9456510000e+15,2.8022542445e-02,1.8633290000e+36,1.0243190000e+06
1.9009810000e+05,1.9450820000e+15,2.8464488551e-02,1.8615060000e+36,1.0189060000e+06
1.9109810000e+05,1.9445110000e+15,2.8910981004e-02,1.8596750000e+36,1.0135490000e+06
1.9209810000e+05,1.9439360000e+15,2.9362034890e-02,1.8578360000e+36,1.0082480000e+06
1.9309810000e+05,1.9433590000e+15,2.9817675356e-02,1.8559900000e+36,1.0030010000e+06
1.9409810000e+05,1.9427790000e+15,3.0277917489e-02,1.8541350000e+36,9.9780750000e+05
1.9509800000e+05,1.9421960000e+15,3.0742796493e-02,1.8522730000e+36,9.9266700000e+05
1.9609800000e+05,1.9416100000e+15,3.1212317397e-02,1.8504040000e+36,9.8757850000e+05
1.9709800000e+05,1.9410210000e+15,3.1686510376e-02,1.8485260000e+36,9.8254120000e+05
1.9809800000e+05,1.9404300000e+15,3.2165395547e-02,1.8466410000e+36,9.7755440000e+05
1.9909800000e+05,1.9398360000e+15,3.2648987996e-02,1.8447480000e+36,9.7261720000e+05
2.0009800000e+05,1.9392390000e+15,3.3137312870e-02,1.8428480000e+36,9.6772890000e+05
2.0109800000e+05,1.9386390000e+15,3.3630395315e-02,1.8409390000e+36,9.6288880000e+05
2.0209800000e+05,1.9380360000e+15,3.4128250418e-02,1.8390240000e+36,9.5809610000e+05
2.0309800000e+05,1.9374300000e+15,3.4630898295e-02,1.8371010000e+36,9.5335010000e+05
2.0409800000e+05,1.9368220000e+15,3.5138364092e-02,1.8351700000e+36,9.4865030000e+05
2.0509790000e+05,1.9362110000e+15,3.5650662896e-02,1.8332320000e+36,9.4399580000e+05
2.0609790000e+05,1.9355970000e+15,3.6167819854e-02,1.8312860000e+36,9.3938600000e+05
2.0709790000e+05,1.9349800000e+15,3.6689850053e-02,1.8293330000e+36,9.3482020000e+05
2.0809790000e+05,1.9343600000e+15,3.7216778638e-02,1.8273720000e+36,9.3029790000e+05
2.0909790000e+05,1.9337380000e+15,3.7748630756e-02,1.8254040000e+36,9.2581840000e+05
2.1009790000e+05,1.9331120000e+15,3.8285416464e-02,1.8234290000e+36,9.2138110000e+05
2.1109790000e+05,1.9324840000e+15,3.8827160908e-02,1.8214460000e+36,9.1698530000e+05
2.1209790000e+05,1.9318540000e+15,3.9373884205e-02,1.8194560000e+36,9.1263050000e+05
2.1309790000e+05,1.9312200000e+15,3.9925606471e-02,1.8174590000e+36,9.0831610000e+05
2.1409790000e+05,1.9305830000e+15,4.0482347823e-02,1.8154550000e+36,9.0404150000e+05
2.1509780000e+05,1.9299440000e+15,4.1044133407e-02,1.8134430000e+36,8.9980620000e+05
2.1609780000e+05,1.9293020000e+15,4.1610973280e-02,1.8114240000e+36,8.9560970000e+05
2.1709780000e+05,1.9286570000e+15,4.2182892590e-02,1.8093980000e+36,8.9145130000e+05
2.1809780000e+05,1.9280100000e+15,4.2759916480e-02,1.8073640000e+36,8.8733050000e+05
2.1909780000e+05,1.9273590000e+15,4.3342055011e-02,1.8053240000e+36,8.8324690000e+05
2.2009780000e+05,1.9267060000e+15,4.3929333327e-02,1.8032770000e+36,8.7919990000e+05
2.2109780000e+05,1.9260500000e+15,4.4521776574e-02,1.8012220000e+36,8.7518900000e+05
2.2209780000e+05,1.9253920000e+15,4.5119394810e-02,1.7991600000e+36,8.7121370000e+05
2.2309780000e+05,1.9247300000e+15,4.5722213181e-02,1.7970920000e+36,8.6727360000e+05
2.2409780000e+05,1.9240660000e+15,4.6330251805e-02,1.7950160000e+36,8.6336820000e+05
2.2509770000e+05,1.9233990000e+15,4.6943525767e-02,1.7929340000e+36,8.5949690000e+05
2.2609770000e+05,1.9227290000e+15,4.7562060214e-02,1.7908440000e+36,8.5565940000e+05
2.2709770000e+05,1.9220570000e+15,4.8185870233e-02,1.7887480000e+36,8.5185520000e+05
2.2809770000e+05,1.9213810000e+15,4.8814980971e-02,1.7866450000e+36,8.4808380000e+05
2.2909770000e+05,1.9207030000e+15,4.9449407513e-02,1.7845350000e+36,8.4434480000e+05
2.3009770000e+05,1.9200220000e+15,5.0089164949e-02,1.7824180000e+36,8.4063790000e+05
2.3109770000e+05,1.9193390000e+15,5.0734308598e-02,1.7802940000e+36,8.3696250000e+05
2.3209770000e+05,1.9186530000e+15,5.1384778111e-02,1.7781640000e+36,8.3331820000e+05
2.3309770000e+05,1.9179630000e+15,5.2040679100e-02,1.7760260000e+36,8.2970470000e+05
2.3409770000e+05,1.9172720000e+15,5.2701961273e-02,1.7738830000e+36,8.2612160000e+05
2.3509760000e+05,1.9165770000e+15,5.3368674922e-02,1.7717320000e+36,8.2256840000e+05
2.3609760000e+05,1.9158800000e+15,5.4040870337e-02,1.7695750000e+36,8.1904480000e+05
2.3709760000e+05,1.9151800000e+15,5.4718547520e-02,1.7674110000e+36,8.1555030000e+05
2.3809760000e+05,1.9144770000e+15,5.5401706471e-02,1.7652410000e+36,8.1208470000e+05
2.3909760000e+05,1.9137710000e+15,5.6090347188e-02,1.7630640000e+36,8.0864760000e+05
2.4009760000e+05,1.9130630000e+15,5.6784519964e-02,1.7608800000e+36,8.0523860000e+05
2.4109760000e+05,1.9123520000e+15,5.7484275091e-02,1.7586900000e+36,8.0185730000e+05
2.4209760000e+05,1.9116390000e+15,5.8189562275e-02,1.7564940000e+36,7.9850340000e+05
2.4309760000e+05,1.9109220000e+15,5.8900431810e-02,1.7542910000e+36,7.9517650000e+05
2.4409760000e+05,1.9102030000e+15,5.9616933987e-02,1.7520810000e+36,7.9187640000e+05
2.4509750000e+05,1.9094810000e+15,6.0339018513e-02,1.7498660000e+36,7.8860260000e+05
2.4609750000e+05,1.9087570000e+15,6.1066785973e-02,1.7476430000e+36,7.8535490000e+05
2.4709750000e+05,1.9080290000e+15,6.1800186074e-02,1.7454150000e+36,7.8213300000e+05
2.4809750000e+05,1.9072990000e+15,6.2539269108e-02,1.7431800000e+36,7.7893640000e+05
2.4909750000e+05,1.9065670000e+15,6.3284035075e-02,1.7409390000e+36,7.7576500000e+05
2.5009750000e+05,1.9058310000e+15,6.4034534266e-02,1.7386920000e+36,7.7261840000e+05
2.5109750000e+05,1.9050930000e+15,6.4790766682e-02,1.7364390000e+36,7.6949620000e+05
2.5209750000e+05,1.9043520000e+15,6.5552782613e-02,1.7341790000e+36,7.6639830000e+05
2.5309750000e+05,1.9036090000e+15,6.6320531769e-02,1.7319130000e+36,7.6332430000e+05
2.5409750000e+05,1.9028630000e+15,6.7094064441e-02,1.7296410000e+36,7.6027400000e+05
2.5509740000e+05,1.9021140000e+15,6.7873380629e-02,1.7273630000e+36,7.5724700000e+05
2.5609740000e+05,1.9013620000e+15,6.8658580915e-02,1.7250790000e+36,7.5424300000e+05
2.5709740000e+05,1.9006080000e+15,6.9449564718e-02,1.7227890000e+36,7.5126190000e+05
2.5809740000e+05,1.8998510000e+15,7.0246432619e-02,1.7204930000e+36,7.4830320000e+05
2.5909740000e+05,1.8990910000e+15,7.1049184618e-02,1.7181900000e+36,7.4536690000e+05
2.6009740000e+05,1.8983290000e+15,7.1857871008e-02,1.7158820000e+36,7.4245250000e+05
2.6109740000e+05,1.8975640000e+15,7.2672391205e-02,1.7135680000e+36,7.3955990000e+05
2.6209740000e+05,1.8967960000e+15,7.3492896084e-02,1.7112480000e+36,7.3668870000e+05
2.6309740000e+05,1.8960260000e+15,7.4319335353e-02,1.7089230000e+36,7.3383890000e+05
2.6409740000e+05,1.8952530000e+15,7.5151759304e-02,1.7065910000e+36,7.3101000000e+05
2.6509730000e+05,1.8944770000e+15,7.5990167936e-02,1.7042540000e+36,7.2820180000e+05
2.6609730000e+05,1.8936980000e+15,7.6834561250e-02,1.7019100000e+36,7.2541420000e+05
2.6709730000e+05,1.8929170000e+15,7.7684989537e-02,1.6995610000e+36,7.2264680000e+05
2.6809730000e+05,1.8921340000e+15,7.8541452797e-02,1.6972070000e+36,7.1989950000e+05
2.6909730000e+05,1.8913470000e+15,7.9403951030e-02,1.6948460000e+36,7.1717200000e+05
2.7009730000e+05,1.8905580000e+15,8.0272534527e-02,1.6924800000e+36,7.1446420000e+05
2.7109730000e+05,1.8897670000e+15,8.1147203289e-02,1.6901090000e+36,7.1177560000e+05
2.7209730000e+05,1.8889720000e+15,8.2027957316e-02,1.6877310000e+36,7.0910630000e+05
2.7309730000e+05,1.8881750000e+15,8.2914897190e-02,1.6853480000e+36,7.0645590000e+05
2.7409730000e+05,1.8873760000e+15,8.3807922328e-02,1.6829600000e+36,7.0382420000e+05
2.7509720000e+05,1.8865730000e+15,8.4707133314e-02,1.6805660000e+36,7.0121100000e+05
2.7609720000e+05,1.8857690000e+15,8.5612530147e-02,1.6781670000e+36,6.9861610000e+05
2.7709720000e+05,1.8849610000e+15,8.6524112828e-02,1.6757620000e+36,6.9603940000e+05
2.7809720000e+05,1.8841510000e+15,8.7441881356e-02,1.6733520000e+36,6.9348060000e+05
2.7909720000e+05,1.8833380000e+15,8.8365886022e-02,1.6709360000e+36,6.9093950000e+05
2.8009720000e+05,1.8825230000e+15,8.9296126828e-02,1.6685150000e+36,6.8841590000e+05
2.8109720000e+05,1.8817040000e+15,9.0232654064e-02,1.6660890000e+36,6.8590960000e+05
2.8209720000e+05,1.8808840000e+15,9.1175417439e-02,1.6636570000e+36,6.8342050000e+05
2.8309720000e+05,1.8800600000e+15,9.2124517535e-02,1.6612200000e+36,6.8094830000e+05
2.8409720000e+05,1.8792340000e+15,9.3079904062e-02,1.6587780000e+36,6.7849290000e+05
2.8509710000e+05,1.8784060000e+15,9.4041627310e-02,1.6563310000e+36,6.7605410000e+05
2.8609710000e+05,1.8775750000e+15,9.5009687280e-02,1.6538780000e+36,6.7363180000e+05
2.8709710000e+05,1.8767410000e+15,9.5984083972e-02,1.6514200000e+36,6.7122560000e+05
2.8809710000e+05,1.8759040000e+15,9.6964867677e-02,1.6489580000e+36,6.6883550000e+05
2.8909710000e+05,1.8750650000e+15,9.7952038395e-02,1.6464900000e+36,6.6646130000e+05
2.9009710000e+05,1.8742240000e+15,9.8945646418e-02,1.6440170000e+36,6.6410290000e+05
2.9109710000e+05,1.8733800000e+15,9.9945641454e-02,1.6415390000e+36,6.6175990000e+05
2.9209710000e+05,1.8725330000e+15,1.0095212409e-01,1.6390560000e+36,6.5943240000e+05
2.9309710000e+05,1.8716830000e+15,1.0196504402e-01,1.6365680000e+36,6.5712010000e+05
2.9409710000e+05,1.8708310000e+15,1.0298440126e-01,1.6340750000e+36,6.5482290000e+05
2.9509700000e+05,1.8699770000e+15,1.0401029639e-01,1.6315770000e+36,6.5254060000e+05
2.9609700000e+05,1.8691190000e+15,1.0504262883e-01,1.6290740000e+36,6.5027310000e+05
2.9709700000e+05,1.8682600000e+15,1.0608154944e-01,1.6265660000e+36,6.4802010000e+05
2.9809700000e+05,1.8673970000e+15,1.0712695765e-01,1.6240540000e+36,6.4578160000e+05
2.9909700000e+05,1.8665320000e+15,1.0817895403e-01,1.6215370000e+36,6.4355740000e+05
3.0009700000e+05,1.8656650000e+15,1.0923748831e-01,1.6190150000e+36,6.4134740000e+05
3.0109700000e+05,1.8647940000e+15,1.1030261076e-01,1.6164880000e+36,6.3915140000e+05
3.0209700000e+05,1.8639220000e+15,1.1137432139e-01,1.6139570000e+36,6.3696930000e+05
3.0309700000e+05,1.8630460000e+15,1.1245267050e-01,1.6114200000e+36,6.3480080000e+05
3.0409700000e+05,1.8621690000e+15,1.1353765807e-01,1.6088800000e+36,6.3264600000e+05
3.0509690000e+05,1.8612880000e+15,1.1462923382e-01,1.6063340000e+36,6.3050460000e+05
3.0609690000e+05,1.8604050000e+15,1.1572749833e-01,1.6037840000e+36,6.2837650000e+05
3.0709690000e+05,1.8595190000e+15,1.1683245161e-01,1.6012300000e+36,6.2626160000e+05
3.0809690000e+05,1.8586310000e+15,1.1794409365e-01,1.5986710000e+36,6.2415980000e+05
3.0909690000e+05,1.8577410000e+15,1.1906242445e-01,1.5961070000e+36,6.2207090000e+05
3.1009690000e+05,1.8568470000e+15,1.2018749430e-01,1.5935390000e+36,6.1999470000e+05
3.1109690000e+05,1.8559520000e+15,1.2131925291e-01,1.5909670000e+36,6.1793120000e+05
3.1209690000e+05,1.8550530000e+15,1.2245780087e-01,1.5883900000e+36,6.1588030000e+05
3.1309690000e+05,1.8541520000e+15,1.2360313818e-01,1.5858090000e+36,6.1384170000e+05
3.1409690000e+05,1.8532490000e+15,1.2475521453e-01,1.5832230000e+36,6.1181540000e+05
3.1509680000e+05,1.8523430000e+15,1.2591408024e-01,1.5806330000e+36,6.0980130000e+05
3.1609680000e+05,1.8514340000e+15,1.2707973528e-01,1.5780390000e+36,6.0779930000e+05
3.1709680000e+05,1.8505230000e+15,1.2825222996e-01,1.5754410000e+36,6.0580910000e+05
3.1809680000e+05,1.8496100000e+15,1.2943161457e-01,1.5728380000e+36,6.0383080000e+05
3.1909680000e+05,1.8486930000e+15,1.3061778853e-01,1.5702310000e+36,6.0186420000e+05
3.2009680000e+05,1.8477750000e+15,1.3181085241e-01,1.5676200000e+36,5.9990910000e+05
3.2109680000e+05,1.8468530000e+15,1.3301080622e-01,1.5650050000e+36,5.9796550000e+05
3.2209680000e+05,1.8459300000e+15,1.3421759967e-01,1.5623860000e+36,5.9603330000e+05
3.2309680000e+05,1.8450030000e+15,1.3543133333e-01,1.5597630000e+36,5.9411230000e+05
3.2409680000e+05,1.8440750000e+15,1.3665200722e-01,1.5571350000e+36,5.9220240000e+05
3.2509670000e+05,1.8431430000e+15,1.3787962132e-01,1.5545040000e+36,5.9030360000e+05
3.2609670000e+05,1.8422090000e+15,1.3911417564e-01,1.5518680000e+36,5.8841570000e+05
3.2709670000e+05,1.8412730000e+15,1.4035567018e-01,1.5492290000e+36,5.8653860000e+05
3.2809670000e+05,1.8403340000e+15,1.4160420553e-01,1.5465860000e+36,5.8467230000e+05
3.2909670000e+05,1.8393930000e+15,1.4285968109e-01,1.5439390000e+36,5.8281650000e+05
3.3009670000e+05,1.8384490000e+15,1.4412214716e-01,1.5412880000e+36,5.8097130000e+05
3.3109670000e+05,1.8375020000e+15,1.4539165403e-01,1.5386330000e+36,5.7913650000e+05
3.3209670000e+05,1.8365530000e+15,1.4666820171e-01,1.5359740000e+36,5.7731200000e+05
3.3309670000e+05,1.8356020000e+15,1.4795179019e-01,1.5333120000e+36,5.7549770000e+05
3.3409670000e+05,1.8346480000e+15,1.4924246976e-01,1.5306460000e+36,5.7369350000e+05
3.3509660000e+05,1.8336920000e+15,1.5054019013e-01,1.5279760000e+36,5.7189940000e+05
3.3609660000e+05,1.8327330000e+15,1.5184500160e-01,1.5253020000e+36,5.7011520000e+05
3.3709660000e+05,1.8317710000e+15,1.5315690416e-01,1.5226250000e+36,5.6834080000e+05
3.3809660000e+05,1.8308070000e+15,1.5447594811e-01,1.5199440000e+36,5.6657620000e+05
3.3909660000e+05,1.8298410000e+15,1.5580208314e-01,1.5172600000e+36,5.6482130000e+05
3.4009660000e+05,1.8288720000e+15,1.5713535957e-01,1.5145720000e+36,5.6307590000e+05
3.4109660000e+05,1.8279010000e+15,1.5847582767e-01,1.5118800000e+36,5.6134000000e+05
3.4209660000e+05,1.8269270000e+15,1.5982343715e-01,1.5091850000e+36,5.5961350000e+05
3.4309660000e+05,1.8259510000e+15,1.6117818802e-01,1.5064870000e+36,5.5789630000e+05
3.4409660000e+05,1.8249720000e+15,1.6254018086e-01,1.5037850000e+36,5.5618830000e+05
3.4509650000e+05,1.8239910000e+15,1.6390936537e-01,1.5010790000e+36,5.5448950000e+05
3.4609650000e+05,1.8230070000e+15,1.6528574156e-01,1.4983700000e+36,5.5279970000e+05
3.4709650000e+05,1.8220210000e+15,1.6666941001e-01,1.4956580000e+36,5.5111890000e+05
3.4809650000e+05,1.8210320000e+15,1.6806027013e-01,1.4929430000e+36,5.4944700000e+05
3.4909650000e+05,1.8200410000e+15,1.6945837222e-01,1.4902240000e+36,5.4778390000e+05
3.5009650000e+05,1.8190470000e+15,1.7086376657e-01,1.4875020000e+36,5.4612950000e+05
3.5109650000e+05,1.8180510000e+15,1.7227645318e-01,1.4847770000e+36,5.4448380000e+05
3.5209650000e+05,1.8170520000e+15,1.7369638176e-01,1.4820480000e+36,5.4284660000e+05
3.5309650000e+05,1.8160510000e+15,1.7512365289e-01,1.4793160000e+36,5.4121800000e+05
3.5409650000e+05,1.8150480000e+15,1.7655821628e-01,1.4765820000e+36,5.3959770000e+05
3.5509640000e+05,1.8140420000e+15,1.7800012222e-01,1.4738440000e+36,5.3798580000e+05
3.5609640000e+05,1.8130340000e+15,1.7944937070e-01,1.4711020000e+36,5.3638220000e+05
3.5709640000e+05,1.8120230000e+15,1.8090596174e-01,1.4683580000e+36,5.3478680000e+05
3.5809640000e+05,1.8110100000e+15,1.8236994563e-01,1.4656110000e+36,5.3319950000e+05
3.5909640000e+05,1.8099940000e+15,1.8384127206e-01,1.4628610000e+36,5.3162020000e+05
3.6009640000e+05,1.8089760000e+15,1.8531999133e-01,1.4601080000e+36,5.3004890000e+05
3.6109640000e+05,1.8079550000e+15,1.8680610345e-01,1.4573520000e+36,5.2848560000e+05
3.6209640000e+05,1.8069320000e+15,1.8829960840e-01,1.4545930000e+36,5.2693010000e+05
3.6309640000e+05,1.8059070000e+15,1.8980055650e-01,1.4518310000e+36,5.2538230000e+05
3.6409640000e+05,1.8048790000e+15,1.9130894772e-01,1.4490660000e+36,5.2384220000e+05
3.6509630000e+05,1.8038490000e+15,1.9282478208e-01,1.4462980000e+36,5.2230980000e+05
3.6609630000e+05,1.8028160000e+15,1.9434805957e-01,1.4435280000e+36,5.2078500000e+05
3.6709630000e+05,1.8017810000e+15,1.9587878019e-01,1.4407550000e+36,5.1926760000e+05
3.6809630000e+05,1.8007430000e+15,1.9741699424e-01,1.4379790000e+36,5.1775770000e+05
3.6909630000e+05,1.7997030000e+15,1.9896275201e-01,1.4352000000e+36,5.1625520000e+05
3.7009630000e+05,1.7986610000e+15,2.0051595291e-01,1.4324190000e+36,5.1476000000e+05
3.7109630000e+05,1.7976160000e+15,2.0207664724e-01,1.4296350000e+36,5.1327200000e+05
3.7209630000e+05,1.7965690000e+15,2.0364488528e-01,1.4268480000e+36,5.1179120000e+05
3.7309630000e+05,1.7955190000e+15,2.0522066703e-01,1.4240590000e+36,5.1031750000e+05
3.7409630000e+05,1.7944670000e+15,2.0680399251e-01,1.4212670000e+36,5.0885090000e+05
3.7509620000e+05,1.7934120000e+15,2.0839486170e-01,1.4184730000e+36,5.0739130000e+05
3.7609620000e+05,1.7923550000e+15,2.0999327460e-01,1.4156760000e+36,5.0593860000e+05
3.7709620000e+05,1.7912960000e+15,2.1159928152e-01,1.4128770000e+36,5.0449280000e+05
3.7809620000e+05,1.7902340000e+15,2.1321288244e-01,1.4100750000e+36,5.0305380000e+05
3.7909620000e+05,1.7891700000e+15,2.1483407737e-01,1.4072710000e+36,5.0162160000e+05
3.8009620000e+05,1.7881040000e+15,2.1646286630e-01,1.4044640000e+36,5.0019610000e+05
3.8109620000e+05,1.7870350000e+15,2.1809924925e-01,1.4016550000e+36,4.9877720000e+05
3.8209620000e+05,1.7859630000e+15,2.1974332679e-01,1.3988440000e+36,4.9736490000e+05
3.8309620000e+05,1.7848900000e+15,2.2139499833e-01,1.3960300000e+36,4.9595920000e+05
3.8409620000e+05,1.7838130000e+15,2.2305426388e-01,1.3932140000e+36,4.9455990000e+05
3.8509610000e+05,1.7827350000e+15,2.2472127431e-01,1.3903960000e+36,4.9316710000e+05
3.8609610000e+05,1.7816540000e+15,2.2639587875e-01,1.3875760000e+36,4.9178060000e+05
3.8709610000e+05,1.7805710000e+15,2.2807817779e-01,1.3847530000e+36,4.9040050000e+05
3.8809610000e+05,1.7794850000e+15,2.2976822170e-01,1.3819280000e+36,4.8902660000e+05
3.8909610000e+05,1.7783970000e+15,2.3146590991e-01,1.3791010000e+36,4.8765890000e+05
3.9009610000e+05,1.7773070000e+15,2.3317129272e-01,1.3762720000e+36,4.8629740000e+05
3.9109610000e+05,1.7762140000e+15,2.3488437011e-01,1.3734410000e+36,4.8494200000e+05
3.9209610000e+05,1.7751190000e+15,2.3660519239e-01,1.3706080000e+36,4.8359270000e+05
3.9309610000e+05,1.7740210000e+15,2.3833375955e-01,1.3677730000e+36,4.8224940000e+05
3.9409610000e+05,1.7729210000e+15,2.4007007159e-01,1.3649360000e+36,4.8091200000e+05
3.9509600000e+05,1.7718190000e+15,2.4181412851e-01,1.3620970000e+36,4.7958050000e+05
3.9609600000e+05,1.7707140000e+15,2.4356593031e-01,1.3592550000e+36,4.7825490000e+05
3.9709600000e+05,1.7696070000e+15,2.4532552729e-01,1.3564120000e+36,4.7693520000e+05
3.9809600000e+05,1.7684980000e+15,2.4709286915e-01,1.3535670000e+36,4.7562110000e+05
3.9909600000e+05,1.7673860000e+15,2.4886800619e-01,1.3507210000e+36,4.7431280000e+05
4.0009600000e+05,1.7662720000e+15,2.5065093839e-01,1.3478720000e+36,4.7301020000e+05
4.0109600000e+05,1.7651550000e+15,2.5244171607e-01,1.3450220000e+36,4.7171320000e+05
4.0209600000e+05,1.7640360000e+15,2.5424023862e-01,1.3421690000e+36,4.7042170000e+05
4.0309600000e+05,1.7629150000e+15,2.5604665693e-01,1.3393150000e+36,4.6913580000e+05
4.0409600000e+05,1.7617920000e+15,2.5786082012e-01,1.3364600000e+36,4.6785540000e+05
4.0509590000e+05,1.7606660000e+15,2.5968287907e-01,1.3336020000e+36,4.6658050000e+05
4.0609590000e+05,1.7595380000e+15,2.6151278349e-01,1.3307430000e+36,4.6531090000e+05
4.0709590000e+05,1.7584070000e+15,2.6335053337e-01,1.3278830000e+36,4.6404670000e+05
4.0809590000e+05,1.7572740000e+15,2.6519612871e-01,1.3250200000e+36,4.6278770000e+05
4.0909590000e+05,1.7561390000e+15,2.6704961981e-01,1.3221560000e+36,4.6153410000e+05
4.1009590000e+05,1.7550010000e+15,2.6891095638e-01,1.3192910000e+36,4.6028570000e+05
4.1109590000e+05,1.7538610000e+15,2.7078018870e-01,1.3164240000e+36,4.5904240000e+05
4.1209590000e+05,1.7527190000e+15,2.7265731678e-01,1.3135560000e+36,4.5780430000e+05
4.1309590000e+05,1.7515740000e+15,2.7454234061e-01,1.3106860000e+36,4.5657130000e+05
4.1409590000e+05,1.7504270000e+15,2.7643531050e-01,1.3078140000e+36,4.5534340000e+05
4.1509580000e+05,1.7492780000e+15,2.7833617614e-01,1.3049410000e+36,4.5412050000e+05
4.1609580000e+05,1.7481260000e+15,2.8024493753e-01,1.3020670000e+36,4.5290250000e+05
4.1709580000e+05,1.7469720000e+15,2.8216169527e-01,1.2991920000e+36,4.5168950000e+05
4.1809580000e+05,1.7458150000e+15,2.8408634876e-01,1.2963150000e+36,4.5048140000e+05
4.1909580000e+05,1.7446570000e+15,2.8601894830e-01,1.2934360000e+36,4.4927820000e+05
4.2009580000e+05,1.7434960000e+15,2.8795949388e-01,1.2905570000e+36,4.4807970000e+05
4.2109580000e+05,1.7423320000e+15,2.8990803581e-01,1.2876760000e+36,4.4688610000e+05
4.2209580000e+05,1.7411670000e+15,2.9186452378e-01,1.2847940000e+36,4.4569720000e+05
4.2309580000e+05,1.7399990000e+15,2.9382900810e-01,1.2819110000e+36,4.4451300000e+05
4.2409580000e+05,1.7388280000e+15,2.9580143846e-01,1.2790260000e+36,4.4333350000e+05
4.2509570000e+05,1.7376560000e+15,2.9778186516e-01,1.2761410000e+36,4.4215860000e+05
4.2609570000e+05,1.7364810000e+15,2.9977028820e-01,1.2732540000e+36,4.4098830000e+05
4.2709570000e+05,1.7353030000e+15,3.0176675787e-01,1.2703660000e+36,4.3982250000e+05
4.2809570000e+05,1.7341240000e+15,3.0377117359e-01,1.2674770000e+36,4.3866130000e+05
4.2909570000e+05,1.7329420000e+15,3.0578363594e-01,1.2645880000e+36,4.3750460000e+05
4.3009570000e+05,1.7317580000e+15,3.0780414492e-01,1.2616970000e+36,4.3635230000e+05
4.3109570000e+05,1.7305710000e+15,3.0983265024e-01,1.2588050000e+36,4.3520450000e+05
4.3209570000e+05,1.7293820000e+15,3.1186920219e-01,1.2559120000e+36,4.3406100000e+05
4.3309570000e+05,1.7281910000e+15,3.1391380077e-01,1.2530180000e+36,4.3292190000e+05
4.3409570000e+05,1.7269980000e+15,3.1596639569e-01,1.2501230000e+36,4.3178700000e+05
4.3509560000e+05,1.7258020000e+15,3.1802708753e-01,1.2472280000e+36,4.3065650000e+05
4.3609560000e+05,1.7246040000e+15,3.2009582601e-01,1.2443310000e+36,4.2953020000e+05
4.3709560000e+05,1.7234030000e+15,3.2217266140e-01,1.2414340000e+36,4.2840820000e+05
4.3809560000e+05,1.7222010000e+15,3.2425754343e-01,1.2385360000e+36,4.2729030000e+05
4.3909560000e+05,1.7209960000e+15,3.2635047208e-01,1.2356370000e+36,4.2617650000e+05
4.4009560000e+05,1.7197880000e+15,3.2845149766e-01,1.2327370000e+36,4.2506690000e+05
4.4109560000e+05,1.7185790000e+15,3.3056067046e-01,1.2298360000e+36,4.2396140000e+05
4.4209560000e+05,1.7173670000e+15,3.3267783959e-01,1.2269350000e+36,4.2285990000e+05
4.4309560000e+05,1.7161530000e+15,3.3480315593e-01,1.2240330000e+36,4.2176240000e+05
4.4409560000e+05,1.7149360000e+15,3.3693661949e-01,1.2211310000e+36,4.2066890000e+05
4.4509550000e+05,1.7137170000e+15,3.3907812968e-01,1.2182280000e+36,4.1957940000e+05
4.4609550000e+05,1.7124960000e+15,3.4122778709e-01,1.2153240000e+36,4.1849380000e+05
4.4709550000e+05,1.7112730000e+15,3.4338554141e-01,1.2124200000e+36,4.1741220000e+05
4.4809550000e+05,1.7100470000e+15,3.4555139266e-01,1.2095150000e+36,4.1633430000e+05
4.4909550000e+05,1.7088190000e+15,3.4772539112e-01,1.2066100000e+36,4.1526040000e+05
4.5009550000e+05,1.7075890000e+15,3.4990753680e-01,1.2037040000e+36,4.1419020000e+05
4.5109550000e+05,1.7063570000e+15,3.5209782969e-01,1.2007970000e+36,4.1312380000e+05
4.5209550000e+05,1.7051220000e+15,3.5429626979e-01,1.1978910000e+36,4.1206120000e+05
4.5309550000e+05,1.7038850000e+15,3.5650285711e-01,1.1949830000e+36,4.1100230000e+05
4.5409550000e+05,1.7026450000e+15,3.5871754134e-01,1.1920760000e+36,4.0994700000e+05
4.5509540000e+05,1.7014040000e+15,3.6094042309e-01,1.1891680000e+36,4.0889550000e+05
4.5609540000e+05,1.7001600000e+15,3.6317145204e-01,1.1862590000e+36,4.0784760000e+05
4.5709540000e+05,1.6989140000e+15,3.6541067851e-01,1.1833510000e+36,4.0680330000e+05
4.5809540000e+05,1.6976650000e+15,3.6765805218e-01,1.1804420000e+36,4.0576260000e+05
4.5909540000e+05,1.6964140000e+15,3.6991357307e-01,1.1775320000e+36,4.0472540000e+05
4.6009540000e+05,1.6951610000e+15,3.7217729147e-01,1.1746230000e+36,4.0369170000e+05
4.6109540000e+05,1.6939060000e+15,3.7444920737e-01,1.1717130000e+36,4.0266160000e+05
4.6209540000e+05,1.6926480000e+15,3.7672927048e-01,1.1688030000e+36,4.0163490000e+05
4.6309540000e+05,1.6913880000e+15,3.7901758139e-01,1.1658930000e+36,4.0061170000e+05
4.6409540000e+05,1.6901260000e+15,3.8131403951e-01,1.1629820000e+36,3.9959190000e+05
4.6509530000e+05,1.6888620000e+15,3.8361869514e-01,1.1600720000e+36,3.9857560000e+05
4.6609530000e+05,1.6875950000e+15,3.8593154827e-01,1.1571610000e+36,3.9756250000e+05
4.6709530000e+05,1.6863260000e+15,3.8825259891e-01,1.1542510000e+36,3.9655280000e+05
4.6809530000e+05,1.6850550000e+15,3.9058184706e-01,1.1513400000e+36,3.9554650000e+05
4.6909530000e+05,1.6837810000e+15,3.9291929270e-01,1.1484290000e+36,3.9454340000e+05
4.7009530000e+05,1.6825050000e+15,3.9526498615e-01,1.1455190000e+36,3.9354360000e+05
4.7109530000e+05,1.6812270000e+15,3.9761887710e-01,1.1426080000e+36,3.9254710000e+05
4.7209530000e+05,1.6799470000e+15,3.9998096555e-01,1.1396970000e+36,3.9155380000e+05
4.7309530000e+05,1.6786640000e+15,4.0235130181e-01,1.1367860000e+36,3.9056360000e+05
4.7409530000e+05,1.6773790000e+15,4.0472983556e-01,1.1338760000e+36,3.8957670000e+05
4.7509520000e+05,1.6760920000e+15,4.0711661712e-01,1.1309650000e+36,3.8859290000e+05
4.7609520000e+05,1.6748030000e+15,4.0951164647e-01,1.1280550000e+36,3.8761220000e+05
4.7709520000e+05,1.6735110000e+15,4.1191487332e-01,1.1251450000e+36,3.8663460000e+05
4.7809520000e+05,1.6722170000e+15,4.1432629768e-01,1.1222350000e+36,3.8566010000e+05
4.7909520000e+05,1.6709210000e+15,4.1674602013e-01,1.1193250000e+36,3.8468870000e+05
4.8009520000e+05,1.6696220000e+15,4.1917394008e-01,1.1164160000e+36,3.8372020000e+05
4.8109520000e+05,1.6683220000e+15,4.2161010783e-01,1.1135060000e+36,3.8275480000e+05
4.8209520000e+05,1.6670190000e+15,4.2405452338e-01,1.1105970000e+36,3.8179240000e+05
4.8309520000e+05,1.6657130000e+15,4.2650718672e-01,1.1076890000e+36,3.8083300000e+05
4.8409520000e+05,1.6644060000e+15,4.2896804757e-01,1.1047800000e+36,3.7987650000e+05
4.8509510000e+05,1.6630960000e+15,4.3143720650e-01,1.1018720000e+36,3.7892290000e+05
4.8609510000e+05,1.6617840000e+15,4.3391461324e-01,1.0989640000e+36,3.7797220000e+05
4.8709510000e+05,1.6604700000e+15,4.3640021747e-01,1.0960570000e+36,3.7702440000e+05
4.8809510000e+05,1.6591530000e+15,4.3889411980e-01,1.0931500000e+36,3.7607940000e+05
4.8909510000e+05,1.6578340000e+15,4.4139626992e-01,1.0902440000e+36,3.7513730000e+05
4.9009510000e+05,1.6565130000e+15,4.4390666784e-01,1.0873380000e+36,3.7419800000e+05
4.9109510000e+05,1.6551900000e+15,4.4642531355e-01,1.0844320000e+36,3.7326150000e+05
4.9209510000e+05,1.6538640000e+15,4.4895220707e-01,1.0815270000e+36,3.7232770000e+05
4.9309510000e+05,1.6525360000e+15,4.5148734837e-01,1.0786230000e+36,3.7139680000e+05
4.9409510000e+05,1.6512060000e+15,4.5403078777e-01,1.0757190000e+36,3.7046850000e+05
4.9509500000e+05,1.6498740000e+15,4.5658247496e-01,1.0728160000e+36,3.6954300000e+05
4.9609500000e+05,1.6485390000e+15,4.5914240995e-01,1.0699130000e+36,3.6862010000e+05
4.9709500000e+05,1.6472020000e+15,4.6171059273e-01,1.0670110000e+36,3.6769990000e+05
4.9809500000e+05,1.6458630000e+15,4.6428702332e-01,1.0641090000e+36,3.6678240000e+05
4.9909500000e+05,1.6445220000e+15,4.6687175199e-01,1.0612080000e+36,3.6586750000e+05
5.0009500000e+05,1.6431780000e+15,4.6946472845e-01,1.0583080000e+36,3.6495520000e+05
5.0109500000e+05,1.6418320000e+15,4.7206595272e-01,1.0554090000e+36,3.6404550000e+05
5.0209500000e+05,1.6404840000e+15,4.7467542477e-01,1.0525100000e+36,3.6313840000e+05
5.0309500000e+05,1.6391340000e+15,4.7729319492e-01,1.0496120000e+36,3.6223380000e+05
5.0409500000e+05,1.6377810000e+15,4.7991921287e-01,1.0467150000e+36,3.6133180000e+05
5.0509490000e+05,1.6364260000e+15,4.8255347861e-01,1.0438190000e+36,3.6043220000e+05
5.0609490000e+05,1.6350690000e+15,4.8519604243e-01,1.0409230000e+36,3.5953520000e+05
5.0709490000e+05,1.6337090000e+15,4.8784685406e-01,1.0380280000e+36,3.5864070000e+05
5.0809490000e+05,1.6323480000e+15,4.9050591348e-01,1.0351340000e+36,3.5774860000e+05
5.0909490000e+05,1.6309840000e+15,4.9317322070e-01,1.0322410000e+36,3.5685900000e+05
5.1009490000e+05,1.6296170000e+15,4.9584877571e-01,1.0293490000e+36,3.5597180000e+05
5.1109490000e+05,1.6282490000e+15,4.9853262881e-01,1.0264580000e+36,3.5508700000e+05
5.1209490000e+05,1.6268780000e+15,5.0122472971e-01,1.0235680000e+36,3.5420460000e+05
5.1309490000e+05,1.6255050000e+15,5.0392527957e-01,1.0206790000e+36,3.5332450000e+05
5.1409490000e+05,1.6241300000e+15,5.0663347373e-01,1.0177900000e+36,3.5244680000e+05
5.1509480000e+05,1.6227520000e+15,5.0935072035e-01,1.0149030000e+36,3.5157150000e+05
5.1609480000e+05,1.6213730000e+15,5.1207551069e-01,1.0120170000e+36,3.5069850000e+05
5.1709480000e+05,1.6199910000e+15,5.1480885057e-01,1.0091320000e+36,3.4982780000e+05
5.1809480000e+05,1.6186060000e+15,5.1755074000e-01,1.0062480000e+36,3.4895930000e+05
5.1909480000e+05,1.6172200000e+15,5.2030067606e-01,1.0033650000e+36,3.4809320000e+05
5.2009480000e+05,1.6158310000e+15,5.2305865874e-01,1.0004830000e+36,3.4722920000e+05
5.2109480000e+05,1.6144400000e+15,5.2582519098e-01,9.9760210000e+35,3.4636760000e+05
5.2209480000e+05,1.6130470000e+15,5.2859976984e-01,9.9472250000e+35,3.4550810000e+05
5.2309480000e+05,1.6116510000e+15,5.3138239534e-01,9.9184410000e+35,3.4465090000e+05
5.2409480000e+05,1.6102530000e+15,5.3417357038e-01,9.8896690000e+35,3.4379580000e+05
5.2509470000e+05,1.6088530000e+15,5.3697279205e-01,9.8609090000e+35,3.4294290000e+05
5.2609470000e+05,1.6074510000e+15,5.3978056326e-01,9.8321620000e+35,3.4209220000e+05
5.2709470000e+05,1.6060460000e+15,5.4259638111e-01,9.8034270000e+35,3.4124360000e+05
5.2809470000e+05,1.6046390000e+15,5.4542024559e-01,9.7747060000e+35,3.4039710000e+05
5.2909470000e+05,1.6032300000e+15,5.4825265961e-01,9.7459970000e+35,3.3955270000e+05
5.3009470000e+05,1.6018190000e+15,5.5109312026e-01,9.7173010000e+35,3.3871040000e+05
5.3109470000e+05,1.6004050000e+15,5.5394162754e-01,9.6886190000e+35,3.3787030000e+05
5.3209470000e+05,1.5989890000e+15,5.5679868437e-01,9.6599510000e+35,3.3703210000e+05
5.3309470000e+05,1.5975710000e+15,5.5966378783e-01,9.6312960000e+35,3.3619600000e+05
5.3409470000e+05,1.5961510000e+15,5.6253693792e-01,9.6026560000e+35,3.3536200000e+05
5.3509460000e+05,1.5947280000e+15,5.6541863756e-01,9.5740300000e+35,3.3452990000e+05
5.3609460000e+05,1.5933030000e+15,5.6830838383e-01,9.5454180000e+35,3.3369990000e+05
5.3709460000e+05,1.5918760000e+15,5.7120617672e-01,9.5168210000e+35,3.3287190000e+05
5.3809460000e+05,1.5904460000e+15,5.7411251917e-01,9.4882380000e+35,3.3204580000e+05
5.3909460000e+05,1.5890140000e+15,5.7702690824e-01,9.4596710000e+35,3.3122170000e+05
5.4009460000e+05,1.5875800000e+15,5.7994934394e-01,9.4311190000e+35,3.3039950000e+05
5.4109460000e+05,1.5861440000e+15,5.8288032919e-01,9.4025830000e+35,3.2957930000e+05
5.4209460000e+05,1.5847060000e+15,5.8581936107e-01,9.3740620000e+35,3.2876090000e+05
5.4309460000e+05,1.5832650000e+15,5.8876643958e-01,9.3455570000e+35,3.2794450000e+05
5.4409460000e+05,1.5818220000e+15,5.9172156472e-01,9.3170670000e+35,3.2713000000e+05
5.4509450000e+05,1.5803760000e+15,5.9468523941e-01,9.2885950000e+35,3.2631730000e+05
5.4609450000e+05,1.5789280000e+15,5.9765696073e-01,9.2601380000e+35,3.2550650000e+05
5.4709450000e+05,1.5774780000e+15,6.0063672867e-01,9.2316990000e+35,3.2469760000e+05
5.4809450000e+05,1.5760260000e+15,6.0362454325e-01,9.2032760000e+35,3.2389050000e+05
5.4909450000e+05,1.5745720000e+15,6.0662090738e-01,9.1748700000e+35,3.2308520000e+05
5.5009450000e+05,1.5731150000e+15,6.0962531813e-01,9.1464810000e+35,3.2228170000e+05
5.5109450000e+05,1.5716560000e+15,6.1263777552e-01,9.1181090000e+35,3.2148000000e+05
5.5209450000e+05,1.5701950000e+15,6.1565827953e-01,9.0897560000e+35,3.2068010000e+05
5.5309450000e+05,1.5687310000e+15,6.1868683018e-01,9.0614200000e+35,3.1988190000e+05
5.5409450000e+05,1.5672650000e+15,6.2172393037e-01,9.0331010000e+35,3.1908550000e+05
5.5509440000e+05,1.5657970000e+15,6.2476907719e-01,9.0048020000e+35,3.1829090000e+05
5.5609440000e+05,1.5643260000e+15,6.2782227065e-01,8.9765200000e+35,3.1749790000e+05
5.5709440000e+05,1.5628540000e+15,6.3088351073e-01,8.9482570000e+35,3.1670670000e+05
5.5809440000e+05,1.5613790000e+15,6.3395279745e-01,8.9200120000e+35,3.1591720000e+05
5.5909440000e+05,1.5599010000e+15,6.3703013079e-01,8.8917870000e+35,3.1512940000e+05
5.6009440000e+05,1.5584220000e+15,6.4011601368e-01,8.8635800000e+35,3.1434330000e+05
5.6109440000e+05,1.5569400000e+15,6.4320944029e-01,8.8353930000e+35,3.1355880000e+05
5.6209440000e+05,1.5554550000e+15,6.4631141644e-01,8.8072250000e+35,3.1277600000e+05
5.6309440000e+05,1.5539690000e+15,6.4942093631e-01,8.7790770000e+35,3.1199480000e+05
5.6409440000e+05,1.5524800000e+15,6.5253900573e-01,8.7509490000e+35,3.1121530000e+05
5.6509430000e+05,1.5509890000e+15,6.5566512177e-01,8.7228410000e+35,3.1043730000e+05
5.6609430000e+05,1.5494960000e+15,6.5879928445e-01,8.6947520000e+35,3.0966100000e+05
5.6709430000e+05,1.5480000000e+15,6.6194149375e-01,8.6666850000e+35,3.0888630000e+05
5.6809430000e+05,1.5465020000e+15,6.6509124677e-01,8.6386370000e+35,3.0811310000e+05
5.6909430000e+05,1.5450010000e+15,6.6824954934e-01,8.6106110000e+35,3.0734160000e+05
5.7009430000e+05,1.5434990000e+15,6.7141589854e-01,8.5826050000e+35,3.0657150000e+05
5.7109430000e+05,1.5419940000e+15,6.7459029437e-01,8.5546210000e+35,3.0580310000e+05
5.7209430000e+05,1.5404870000e+15,6.7777273683e-01,8.5266570000e+35,3.0503610000e+05
5.7309430000e+05,1.5389770000e+15,6.8096272300e-01,8.4987150000e+35,3.0427070000e+05
5.7409430000e+05,1.5374650000e+15,6.8416125873e-01,8.4707950000e+35,3.0350680000e+05
5.7509420000e+05,1.5359510000e+15,6.8736784108e-01,8.4428960000e+35,3.0274440000e+05
5.7609420000e+05,1.5344350000e+15,6.9058196715e-01,8.4150200000e+35,3.0198350000e+05
5.7709420000e+05,1.5329160000e+15,6.9380464276e-01,8.3871650000e+35,3.0122410000e+05
5.7809420000e+05,1.5313950000e+15,6.9703486209e-01,8.3593330000e+35,3.0046620000e+05
5.7909420000e+05,1.5298710000e+15,7.0027312805e-01,8.3315240000e+35,2.9970970000e+05
5.8009420000e+05,1.5283450000e+15,7.0351944064e-01,8.3037370000e+35,2.9895460000e+05
5.8109420000e+05,1.5268170000e+15,7.0677379986e-01,8.2759720000e+35,2.9820100000e+05
5.8209420000e+05,1.5252870000e+15,7.1003570280e-01,8.2482310000e+35,2.9744890000e+05
5.8309420000e+05,1.5237540000e+15,7.1330565237e-01,8.2205130000e+35,2.9669810000e+05
5.8409420000e+05,1.5222190000e+15,7.1658415149e-01,8.1928190000e+35,2.9594870000e+05
5.8509410000e+05,1.5206810000e+15,7.1986969140e-01,8.1651470000e+35,2.9520080000e+05
5.8609410000e+05,1.5191420000e+15,7.2316378086e-01,8.1375000000e+35,2.9445420000e+05
5.8709410000e+05,1.5176000000e+15,7.2646541404e-01,8.1098760000e+35,2.9370900000e+05
5.8809410000e+05,1.5160550000e+15,7.2977559676e-01,8.0822770000e+35,2.9296520000e+05
5.8909410000e+05,1.5145080000e+15,7.3309282029e-01,8.0547010000e+35,2.9222270000e+05
5.9009410000e+05,1.5129590000e+15,7.3641859336e-01,8.0271500000e+35,2.9148160000e+05
5.9109410000e+05,1.5114080000e+15,7.3975191014e-01,7.9996230000e+35,2.9074180000e+05
5.9209410000e+05,1.5098540000e+15,7.4309327356e-01,7.9721220000e+35,2.9000330000e+05
5.9309410000e+05,1.5082970000e+15,7.4644218070e-01,7.9446450000e+35,2.8926610000e+05
5.9409410000e+05,1.5067390000e+15,7.4979913446e-01,7.9171930000e+35,2.8853030000e+05
5.9509400000e+05,1.5051780000e+15,7.5316363194e-01,7.8897660000e+35,2.8779570000e+05
5.9609400000e+05,1.5036150000e+15,7.5653617605e-01,7.8623640000e+35,2.8706240000e+05
5.9709400000e+05,1.5020490000e+15,7.5991676679e-01,7.8349880000e+35,2.8633040000e+05
5.9809400000e+05,1.5004810000e+15,7.6330490125e-01,7.8076380000e+35,2.8559970000e+05
5.9909400000e+05,1.4989110000e+15,7.6670108234e-01,7.7803130000e+35,2.8487020000e+05
6.0009400000e+05,1.4973380000e+15,7.7010480715e-01,7.7530150000e+35,2.8414200000e+05
6.0109400000e+05,1.4957630000e+15,7.7351607567e-01,7.7257430000e+35,2.8341500000e+05
6.0209400000e+05,1.4941850000e+15,7.7693589373e-01,7.6984970000e+35,2.8268920000e+05
6.0309400000e+05,1.4926050000e+15,7.8036275260e-01,7.6712770000e+35,2.8196470000e+05
6.0409400000e+05,1.4910230000e+15,7.8379765810e-01,7.6440840000e+35,2.8124130000e+05
6.0509390000e+05,1.4894380000e+15,7.8724010732e-01,7.6169180000e+35,2.8051920000e+05
6.0609390000e+05,1.4878510000e+15,7.9069060316e-01,7.5897790000e+35,2.7979830000e+05
6.0709390000e+05,1.4862620000e+15,7.9414813981e-01,7.5626670000e+35,2.7907850000e+05
6.0809390000e+05,1.4846700000e+15,7.9761422601e-01,7.5355820000e+35,2.7835990000e+05
6.0909390000e+05,1.4830760000e+15,8.0108735300e-01,7.5085250000e+35,2.7764250000e+05
6.1009390000e+05,1.4814790000e+15,8.0456852663e-01,7.4814950000e+35,2.7692630000e+05
6.1109390000e+05,1.4798800000e+15,8.0805724397e-01,7.4544930000e+35,2.7621120000e+05
6.1209390000e+05,1.4782780000e+15,8.1155350503e-01,7.4275190000e+35,2.7549720000e+05
6.1309390000e+05,1.4766740000e+15,8.1505730980e-01,7.4005730000e+35,2.7478440000e+05
6.1409390000e+05,1.4750680000e+15,8.1856916121e-01,7.3736550000e+35,2.7407270000e+05
6.1509380000e+05,1.4734590000e+15,8.2208855633e-01,7.3467650000e+35,2.7336210000e+05
6.1609380000e+05,1.4718480000e+15,8.2561549517e-01,7.3199040000e+35,2.7265260000e+05
6.1709380000e+05,1.4702350000e+15,8.2914997773e-01,7.2930720000e+35,2.7194420000e+05
6.1809380000e+05,1.4686190000e+15,8.3269200400e-01,7.2662680000e+35,2.7123690000e+05
6.1909380000e+05,1.4670000000e+15,8.3624157399e-01,7.2394940000e+35,2.7053070000e+05
6.2009380000e+05,1.4653790000e+15,8.3979868769e-01,7.2127480000e+35,2.6982550000e+05
6.2109380000e+05,1.4637560000e+15,8.4336334511e-01,7.1860320000e+35,2.6912150000e+05
6.2209380000e+05,1.4621300000e+15,8.4693554625e-01,7.1593450000e+35,2.6841840000e+05
6.2309380000e+05,1.4605020000e+15,8.5051529110e-01,7.1326880000e+35,2.6771650000e+05
6.2409380000e+05,1.4588710000e+15,8.5410257967e-01,7.1060600000e+35,2.6701550000e+05
6.2509370000e+05,1.4572380000e+15,8.5769741195e-01,7.0794630000e+35,2.6631560000e+05
6.2609370000e+05,1.4556030000e+15,8.6129928504e-01,7.0528950000e+35,2.6561680000e+05
6.2709370000e+05,1.4539650000e+15,8.6490920476e-01,7.0263570000e+35,2.6491890000e+05
6.2809370000e+05,1.4523240000e+15,8.6852616528e-01,6.9998500000e+35,2.6422210000e+05
6.2909370000e+05,1.4506810000e+15,8.7215117243e-01,6.9733730000e+35,2.6352620000e+05
6.3009370000e+05,1.4490360000e+15,8.7578271747e-01,6.9469270000e+35,2.6283140000e+05
6.3109370000e+05,1.4473880000e+15,8.7942230914e-01,6.9205120000e+35,2.6213750000e+05
6.3209370000e+05,1.4457370000e+15,8.8306894161e-01,6.8941270000e+35,2.6144460000e+05
6.3309370000e+05,1.4440840000e+15,8.8672311780e-01,6.8677740000e+35,2.6075270000e+05
6.3409370000e+05,1.4424290000e+15,8.9038483770e-01,6.8414510000e+35,2.6006180000e+05
6.3509360000e+05,1.4407710000e+15,8.9405359840e-01,6.8151600000e+35,2.5937180000e+05
6.3609360000e+05,1.4391110000e+15,8.9772990283e-01,6.7889000000e+35,2.5868280000e+05
6.3709360000e+05,1.4374480000e+15,9.0141375096e-01,6.7626720000e+35,2.5799470000e+05
6.3809360000e+05,1.4357820000e+15,9.0510463990e-01,6.7364760000e+35,2.5730750000e+05
6.3909360000e+05,1.4341150000e+15,9.0880256965e-01,6.7103120000e+35,2.5662130000e+05
6.4009360000e+05,1.4324440000e+15,9.1250804310e-01,6.6841790000e+35,2.5593600000e+05
6.4109360000e+05,1.4307710000e+15,9.1622055736e-01,6.6580790000e+35,2.5525160000e+05
6.4209360000e+05,1.4290960000e+15,9.1994061534e-01,6.6320110000e+35,2.5456810000e+05
6.4309360000e+05,1.4274180000e+15,9.2366771412e-01,6.6059760000e+35,2.5388550000e+05
6.4409360000e+05,1.4257370000e+15,9.2740235661e-01,6.5799730000e+35,2.5320380000e+05
6.4509350000e+05,1.4240540000e+15,9.3114353700e-01,6.5540020000e+35,2.5252300000e+05
6.4609350000e+05,1.4223680000e+15,9.3489276401e-01,6.5280650000e+35,2.5184310000e+05
6.4709350000e+05,1.4206800000e+15,9.3864852891e-01,6.5021610000e+35,2.5116410000e+05
6.4809350000e+05,1.4189890000e+15,9.4241133461e-01,6.4762890000e+35,2.5048590000e+05
6.4909350000e+05,1.4172960000e+15,9.4618168403e-01,6.4504510000e+35,2.4980850000e+05
6.5009350000e+05,1.4156000000e+15,9.4995907425e-01,6.4246470000e+35,2.4913210000e+05
6.5109350000e+05,1.4139020000e+15,9.5374350527e-01,6.3988760000e+35,2.4845640000e+05
6.5209350000e+05,1.4122010000e+15,9.5753497710e-01,6.3731380000e+35,2.4778170000e+05
6.5309350000e+05,1.4104970000e+15,9.6133348972e-01,6.3474350000e+35,2.4710770000e+05
6.5409350000e+05,1.4087910000e+15,9.6513904315e-01,6.3217650000e+35,2.4643460000e+05
6.5509340000e+05,1.4070820000e+15,9.6895163738e-01,6.2961300000e+35,2.4576230000e+05
6.5609340000e+05,1.4053710000e+15,9.7277127241e-01,6.2705280000e+35,2.4509080000e+05
6.5709340000e+05,1.4036570000e+15,9.7659794825e-01,6.2449610000e+35,2.4442010000e+05
6.5809340000e+05,1.4019400000e+15,9.8043166488e-01,6.2194280000e+35,2.4375020000e+05
6.5909340000e+05,1.4002210000e+15,9.8427242232e-01,6.1939300000e+35,2.4308110000e+05
6.6009340000e+05,1.3984990000e+15,9.8811971765e-01,6.1684670000e+35,2.4241280000e+05
6.6109340000e+05,1.3967750000e+15,9.9197405377e-01,6.1430390000e+35,2.4174530000e+05
6.6209340000e+05,1.3950480000e+15,9.9583543070e-01,6.1176450000e+35,2.4107860000e+05
6.6309340000e+05,1.3933180000e+15,9.9970384843e-01,6.0922870000e+35,2.4041260000e+05
6.6409340000e+05,1.3915860000e+15,1.0035788041e+00,6.0669640000e+35,2.3974740000e+05
6.6509330000e+05,1.3898510000e+15,1.0074608005e+00,6.0416760000e+35,2.3908290000e+05
6.6609330000e+05,1.3881130000e+15,1.0113498377e+00,6.0164240000e+35,2.3841920000e+05
6.6709330000e+05,1.3863730000e+15,1.0152454128e+00,5.9912080000e+35,2.3775630000e+05
6.6809330000e+05,1.3846300000e+15,1.0191475258e+00,5.9660270000e+35,2.3709410000e+05
6.6909330000e+05,1.3828840000e+15,1.0230566796e+00,5.9408820000e+35,2.3643260000e+05
6.7009330000e+05,1.3811360000e+15,1.0269728742e+00,5.9157730000e+35,2.3577190000e+05
6.7109330000e+05,1.3793850000e+15,1.0308956067e+00,5.8907000000e+35,2.3511180000e+05
6.7209330000e+05,1.3776310000e+15,1.0348248771e+00,5.8656640000e+35,2.3445250000e+05
6.7309330000e+05,1.3758750000e+15,1.0387606853e+00,5.8406640000e+35,2.3379390000e+05
6.7409330000e+05,1.3741160000e+15,1.0427035344e+00,5.8157000000e+35,2.3313610000e+05
6.7509320000e+05,1.3723540000e+15,1.0466529213e+00,5.7907730000e+35,2.3247890000e+05
6.7609320000e+05,1.3705890000e+15,1.0506088462e+00,5.7658830000e+35,2.3182240000e+05
6.7709320000e+05,1.3688220000e+15,1.0545713089e+00,5.7410300000e+35,2.3116660000e+05
6.7809320000e+05,1.3670520000e+15,1.0585408124e+00,5.7162130000e+35,2.3051150000e+05
6.7909320000e+05,1.3652790000e+15,1.0625163509e+00,5.6914340000e+35,2.2985700000e+05
6.8009320000e+05,1.3635040000e+15,1.0664989303e+00,5.6666920000e+35,2.2920330000e+05
6.8109320000e+05,1.3617260000e+15,1.0704875445e+00,5.6419880000e+35,2.2855020000e+05
6.8209320000e+05,1.3599450000e+15,1.0744831996e+00,5.6173210000e+35,2.2789770000e+05
6.8309320000e+05,1.3581610000e+15,1.0784848897e+00,5.5926920000e+35,2.2724600000e+05
6.8409320000e+05,1.3563750000e+15,1.0824931176e+00,5.5681000000e+35,2.2659480000e+05
6.8509310000e+05,1.3545850000e+15,1.0865078834e+00,5.5435460000e+35,2.2594440000e+05
6.8609310000e+05,1.3527930000e+15,1.0905291871e+00,5.5190310000e+35,2.2529450000e+05
6.8709310000e+05,1.3509980000e+15,1.0945565258e+00,5.4945530000e+35,2.2464530000e+05
6.8809310000e+05,1.3492010000e+15,1.0985904024e+00,5.4701140000e+35,2.2399670000e+05
6.8909310000e+05,1.3474000000e+15,1.1026308169e+00,5.4457120000e+35,2.2334880000e+05
6.9009310000e+05,1.3455970000e+15,1.1066772663e+00,5.4213500000e+35,2.2270150000e+05
6.9109310000e+05,1.3437910000e+15,1.1107302536e+00,5.3970260000e+35,2.2205480000e+05
6.9209310000e+05,1.3419820000e+15,1.1147897788e+00,5.3727410000e+35,2.2140870000e+05
6.9309310000e+05,1.3401700000e+15,1.1188548361e+00,5.3484940000e+35,2.2076320000e+05
6.9409310000e+05,1.3383560000e+15,1.1229269342e+00,5.3242860000e+35,2.2011830000e+05
6.9509300000e+05,1.3365380000e+15,1.1270045643e+00,5.3001180000e+35,2.1947400000e+05
6.9609300000e+05,1.3347180000e+15,1.1310887323e+00,5.2759890000e+35,2.1883030000e+05
6.9709300000e+05,1.3328950000e+15,1.1351789353e+00,5.2518990000e+35,2.1818720000e+05
6.9809300000e+05,1.3310680000e+15,1.1392751733e+00,5.2278480000e+35,2.1754470000e+05
6.9909300000e+05,1.3292400000e+15,1.1433779491e+00,5.2038370000e+35,2.1690270000e+05
7.0009300000e+05,1.3274080000e+15,1.1474862570e+00,5.1798650000e+35,2.1626130000e+05
7.0109300000e+05,1.3255730000e+15,1.1516011028e+00,5.1559340000e+35,2.1562050000e+05
7.0209300000e+05,1.3237350000e+15,1.1557219836e+00,5.1320420000e+35,2.1498030000e+05
7.0309300000e+05,1.3218950000e+15,1.1598483964e+00,5.1081900000e+35,2.1434060000e+05
7.0409300000e+05,1.3200510000e+15,1.1639813472e+00,5.0843780000e+35,2.1370140000e+05
7.0509290000e+05,1.3182050000e+15,1.1681198299e+00,5.0606060000e+35,2.1306280000e+05
7.0609290000e+05,1.3163550000e+15,1.1722648506e+00,5.0368750000e+35,2.1242480000e+05
7.0709290000e+05,1.3145030000e+15,1.1764154033e+00,5.0131840000e+35,2.1178730000e+05
7.0809290000e+05,1.3126480000e+15,1.1805714881e+00,4.9895340000e+35,2.1115030000e+05
7.0909290000e+05,1.3107890000e+15,1.1847341108e+00,4.9659240000e+35,2.1051390000e+05
7.1009290000e+05,1.3089280000e+15,1.1889022655e+00,4.9423550000e+35,2.0987800000e+05
7.1109290000e+05,1.3070640000e+15,1.1930759523e+00,4.9188270000e+35,2.0924260000e+05
7.1209290000e+05,1.3051960000e+15,1.1972556740e+00,4.8953400000e+35,2.0860770000e+05
7.1309290000e+05,1.3033260000e+15,1.2014414308e+00,4.8718940000e+35,2.0797340000e+05
7.1409290000e+05,1.3014530000e+15,1.2056327196e+00,4.8484900000e+35,2.0733950000e+05
7.1509280000e+05,1.2995770000e+15,1.2098295404e+00,4.8251260000e+35,2.0670620000e+05
7.1609280000e+05,1.2976970000e+15,1.2140318933e+00,4.8018040000e+35,2.0607340000e+05
7.1709280000e+05,1.2958150000e+15,1.2182402812e+00,4.7785240000e+35,2.0544100000e+05
7.1809280000e+05,1.2939290000e+15,1.2224542011e+00,4.7552850000e+35,2.0480920000e+05
7.1909280000e+05,1.2920410000e+15,1.2266736531e+00,4.7320880000e+35,2.0417780000e+05
7.2009280000e+05,1.2901490000e+15,1.2308986372e+00,4.7089330000e+35,2.0354700000e+05
7.2109280000e+05,1.2882550000e+15,1.2351291533e+00,4.6858200000e+35,2.0291660000e+05
7.2209280000e+05,1.2863570000e+15,1.2393652015e+00,4.6627490000e+35,2.0228670000e+05
7.2309280000e+05,1.2844560000e+15,1.2436067817e+00,4.6397200000e+35,2.0165720000e+05
7.2409280000e+05,1.2825520000e+15,1.2478538940e+00,4.6167330000e+35,2.0102830000e+05
7.2509270000e+05,1.2806450000e+15,1.2521065383e+00,4.5937890000e+35,2.0039970000e+05
7.2609270000e+05,1.2787340000e+15,1.2563642118e+00,4.5708880000e+35,1.9977170000e+05
7.2709270000e+05,1.2768210000e+15,1.2606274174e+00,4.5480290000e+35,1.9914410000e+05
7.2809270000e+05,1.2749040000e+15,1.2648961550e+00,4.5252120000e+35,1.9851700000e+05
7.2909270000e+05,1.2729850000e+15,1.2691699217e+00,4.5024390000e+35,1.9789030000e+05
7.3009270000e+05,1.2710620000e+15,1.2734492206e+00,4.4797080000e+35,1.9726410000e+05
7.3109270000e+05,1.2691350000e+15,1.2777335485e+00,4.4570210000e+35,1.9663830000e+05
7.3209270000e+05,1.2672060000e+15,1.2820229056e+00,4.4343770000e+35,1.9601290000e+05
7.3309270000e+05,1.2652740000e+15,1.2863177948e+00,4.4117760000e+35,1.9538800000e+05
7.3409270000e+05,1.2633380000e+15,1.2906177131e+00,4.3892180000e+35,1.9476350000e+05
7.3509260000e+05,1.2613990000e+15,1.2949226605e+00,4.3667040000e+35,1.9413940000e+05
7.3609260000e+05,1.2594560000e+15,1.2992331400e+00,4.3442330000e+35,1.9351580000e+05
7.3709260000e+05,1.2575110000e+15,1.3035481458e+00,4.3218070000e+35,1.9289260000e+05
7.3809260000e+05,1.2555620000e+15,1.3078681807e+00,4.2994230000e+35,1.9226980000e+05
7.3909260000e+05,1.2536100000e+15,1.3121937476e+00,4.2770840000e+35,1.9164740000e+05
7.4009260000e+05,1.2516550000e+15,1.3165238408e+00,4.2547890000e+35,1.9102540000e+05
7.4109260000e+05,1.2496960000e+15,1.3208589631e+00,4.2325380000e+35,1.9040380000e+05
7.4209260000e+05,1.2477340000e+15,1.3251991145e+00,4.2103310000e+35,1.8978270000e+05
7.4309260000e+05,1.2457680000e+15,1.3295437922e+00,4.1881680000e+35,1.8916190000e+05
7.4409260000e+05,1.2438000000e+15,1.3338934991e+00,4.1660500000e+35,1.8854150000e+05
7.4509250000e+05,1.2418280000e+15,1.3382482350e+00,4.1439760000e+35,1.8792150000e+05
7.4609250000e+05,1.2398520000e+15,1.3426074972e+00,4.1219470000e+35,1.8730190000e+05
7.4709250000e+05,1.2378730000e+15,1.3469717886e+00,4.0999630000e+35,1.8668270000e+05
7.4809250000e+05,1.2358910000e+15,1.3513401033e+00,4.0780230000e+35,1.8606390000e+05
7.4909250000e+05,1.2339050000e+15,1.3557139500e+00,4.0561290000e+35,1.8544540000e+05
7.5009250000e+05,1.2319160000e+15,1.3600918200e+00,4.0342790000e+35,1.8482730000e+05
7.5109250000e+05,1.2299240000e+15,1.3644742163e+00,4.0124750000e+35,1.8420960000e+05
7.5209250000e+05,1.2279280000e+15,1.3688616417e+00,3.9907150000e+35,1.8359230000e+05
7.5309250000e+05,1.2259280000e+15,1.3732535934e+00,3.9690010000e+35,1.8297530000e+05
7.5409250000e+05,1.2239260000e+15,1.3776495683e+00,3.9473330000e+35,1.8235870000e+05
7.5509240000e+05,1.2219190000e+15,1.3820505724e+00,3.9257100000e+35,1.8174250000e+05
7.5609240000e+05,1.2199090000e+15,1.3864555998e+00,3.9041330000e+35,1.8112660000e+05
7.5709240000e+05,1.2178960000e+15,1.3908651535e+00,3.8826010000e+35,1.8051110000e+05
7.5809240000e+05,1.2158790000e+15,1.3952787304e+00,3.8611150000e+35,1.7989590000e+05
7.5909240000e+05,1.2138580000e+15,1.3996973366e+00,3.8396750000e+35,1.7928100000e+05
7.6009240000e+05,1.2118340000e+15,1.4041194631e+00,3.8182810000e+35,1.7866650000e+05
7.6109240000e+05,1.2098070000e+15,1.4085466187e+00,3.7969340000e+35,1.7805240000e+05
7.6209240000e+05,1.2077750000e+15,1.4129772948e+00,3.7756320000e+35,1.7743860000e+05
7.6309240000e+05,1.2057410000e+15,1.4174124971e+00,3.7543770000e+35,1.7682510000e+05
7.6409240000e+05,1.2037020000e+15,1.4218517227e+00,3.7331680000e+35,1.7621190000e+05
7.6509230000e+05,1.2016600000e+15,1.4262949716e+00,3.7120060000e+35,1.7559910000e+05
7.6609230000e+05,1.1996140000e+15,1.4307422438e+00,3.6908910000e+35,1.7498660000e+05
7.6709230000e+05,1.1975650000e+15,1.4351940423e+00,3.6698220000e+35,1.7437440000e+05
7.6809230000e+05,1.1955120000e+15,1.4396493611e+00,3.6488000000e+35,1.7376260000e+05
7.6909230000e+05,1.1934550000e+15,1.4441087033e+00,3.6278250000e+35,1.7315100000e+05
7.7009230000e+05,1.1913940000e+15,1.4485720688e+00,3.6068970000e+35,1.7253980000e+05
7.7109230000e+05,1.1893300000e+15,1.4530389547e+00,3.5860160000e+35,1.7192890000e+05
7.7209230000e+05,1.1872620000e+15,1.4575098639e+00,3.5651820000e+35,1.7131830000e+05
7.7309230000e+05,1.1851900000e+15,1.4619847964e+00,3.5443960000e+35,1.7070800000e+05
7.7409230000e+05,1.1831140000e+15,1.4664632493e+00,3.5236570000e+35,1.7009800000e+05
7.7509220000e+05,1.1810350000e+15,1.4709452227e+00,3.5029650000e+35,1.6948830000e+05
7.7609220000e+05,1.1789520000e+15,1.4754312193e+00,3.4823210000e+35,1.6887890000e+05
7.7709220000e+05,1.1768650000e+15,1.4799207363e+00,3.4617250000e+35,1.6826980000e+05
7.7809220000e+05,1.1747740000e+15,1.4844137738e+00,3.4411770000e+35,1.6766100000e+05
7.7909220000e+05,1.1726790000e+15,1.4889103316e+00,3.4206760000e+35,1.6705250000e+05
7.8009220000e+05,1.1705810000e+15,1.4934104099e+00,3.4002240000e+35,1.6644430000e+05
7.8109220000e+05,1.1684780000e+15,1.4979140085e+00,3.3798200000e+35,1.6583630000e+05
7.8209220000e+05,1.1663710000e+15,1.5024211276e+00,3.3594640000e+35,1.6522870000e+05
7.8309220000e+05,1.1642610000e+15,1.5069317670e+00,3.3391560000e+35,1.6462130000e+05
7.8409220000e+05,1.1621470000e+15,1.5114454239e+00,3.3188960000e+35,1.6401420000e+05
7.8509210000e+05,1.1600280000e+15,1.5159620984e+00,3.2986850000e+35,1.6340730000e+05
7.8609210000e+05,1.1579060000e+15,1.5204827961e+00,3.2785230000e+35,1.6280080000e+05
7.8709210000e+05,1.1557800000e+15,1.5250060084e+00,3.2584090000e+35,1.6219450000e+05
7.8809210000e+05,1.1536490000e+15,1.5295327411e+00,3.2383440000e+35,1.6158850000e+05
7.8909210000e+05,1.1515150000e+15,1.5340624913e+00,3.2183280000e+35,1.6098270000e+05
7.9009210000e+05,1.1493760000e+15,1.5385952590e+00,3.1983610000e+35,1.6037720000e+05
7.9109210000e+05,1.1472340000e+15,1.5431310442e+00,3.1784430000e+35,1.5977200000e+05
7.9209210000e+05,1.1450870000e+15,1.5476698468e+00,3.1585740000e+35,1.5916700000e+05
7.9309210000e+05,1.1429360000e+15,1.5522116670e+00,3.1387550000e+35,1.5856230000e+05
7.9409210000e+05,1.1407810000e+15,1.5567565046e+00,3.1189850000e+35,1.5795780000e+05
7.9509200000e+05,1.1386220000e+15,1.5613043597e+00,3.0992640000e+35,1.5735360000e+05
7.9609200000e+05,1.1364580000e+15,1.5658547294e+00,3.0795930000e+35,1.5674960000e+05
7.9709200000e+05,1.1342910000e+15,1.5704076136e+00,3.0599710000e+35,1.5614580000e+05
7.9809200000e+05,1.1321190000e+15,1.5749635154e+00,3.0403990000e+35,1.5554230000e+05
7.9909200000e+05,1.1299430000e+15,1.5795219317e+00,3.0208770000e+35,1.5493910000e+05
8.0009200000e+05,1.1277620000e+15,1.5840833655e+00,3.0014050000e+35,1.5433610000e+05
8.0109200000e+05,1.1255780000e+15,1.5886468110e+00,2.9819830000e+35,1.5373330000e+05
8.0209200000e+05,1.1233890000e+15,1.5932132739e+00,2.9626120000e+35,1.5313070000e+05
8.0309200000e+05,1.1211950000e+15,1.5977817485e+00,2.9432900000e+35,1.5252840000e+05
8.0409200000e+05,1.1189980000e+15,1.6023532406e+00,2.9240190000e+35,1.5192630000e+05
8.0509190000e+05,1.1167960000e+15,1.6069267444e+00,2.9047980000e+35,1.5132450000e+05
8.0609190000e+05,1.1145890000e+15,1.6115022598e+00,2.8856270000e+35,1.5072280000e+05
8.0709190000e+05,1.1123780000e+15,1.6160807927e+00,2.8665080000e+35,1.5012140000e+05
8.0809190000e+05,1.1101630000e+15,1.6206608343e+00,2.8474390000e+35,1.4952020000e+05
8.0909190000e+05,1.1079430000e+15,1.6252433905e+00,2.8284200000e+35,1.4891920000e+05
8.1009190000e+05,1.1057180000e+15,1.6298284613e+00,2.8094530000e+35,1.4831850000e+05
8.1109190000e+05,1.1034890000e+15,1.6344150408e+00,2.7905370000e+35,1.4771790000e+05
8.1209190000e+05,1.1012560000e+15,1.6390041349e+00,2.7716720000e+35,1.4711760000e+05
8.1309190000e+05,1.0990180000e+15,1.6435947378e+00,2.7528580000e+35,1.4651740000e+05
8.1409190000e+05,1.0967750000e+15,1.6481873523e+00,2.7340950000e+35,1.4591750000e+05
8.1509180000e+05,1.0945280000e+15,1.6527824813e+00,2.7153830000e+35,1.4531780000e+05
8.1609180000e+05,1.0922760000e+15,1.6573786162e+00,2.6967240000e+35,1.4471830000e+05
8.1709180000e+05,1.0900190000e+15,1.6619767628e+00,2.6781150000e+35,1.4411900000e+05
8.1809180000e+05,1.0877580000e+15,1.6665769210e+00,2.6595590000e+35,1.4351980000e+05
8.1909180000e+05,1.0854910000e+15,1.6711785880e+00,2.6410540000e+35,1.4292090000e+05
8.2009180000e+05,1.0832210000e+15,1.6757817637e+00,2.6226010000e+35,1.4232220000e+05
8.2109180000e+05,1.0809450000e+15,1.6803869510e+00,2.6042000000e+35,1.4172360000e+05
8.2209180000e+05,1.0786640000e+15,1.6849931442e+00,2.5858510000e+35,1.4112530000e+05
8.2309180000e+05,1.0763790000e+15,1.6896008461e+00,2.5675540000e+35,1.4052710000e+05
8.2409180000e+05,1.0740890000e+15,1.6942100568e+00,2.5493090000e+35,1.3992910000e+05
8.2509170000e+05,1.0717940000e+15,1.6988207762e+00,2.5311170000e+35,1.3933130000e+05
8.2609170000e+05,1.0694940000e+15,1.7034325015e+00,2.5129770000e+35,1.3873370000e+05
8.2709170000e+05,1.0671890000e+15,1.7080457355e+00,2.4948900000e+35,1.3813630000e+05
8.2809170000e+05,1.0648790000e+15,1.7126599753e+00,2.4768560000e+35,1.3753900000e+05
8.2909170000e+05,1.0625640000e+15,1.7172752209e+00,2.4588740000e+35,1.3694190000e+05
8.3009170000e+05,1.0602430000e+15,1.7218914724e+00,2.4409450000e+35,1.3634500000e+05
8.3109170000e+05,1.0579180000e+15,1.7265092326e+00,2.4230690000e+35,1.3574830000e+05
8.3209170000e+05,1.0555880000e+15,1.7311274958e+00,2.4052460000e+35,1.3515170000e+05
8.3309170000e+05,1.0532530000e+15,1.7357467647e+00,2.3874760000e+35,1.3455530000e+05
8.3409170000e+05,1.0509120000e+15,1.7403670395e+00,2.3697590000e+35,1.3395900000e+05
8.3509160000e+05,1.0485660000e+15,1.7449878172e+00,2.3520960000e+35,1.3336300000e+05
8.3609160000e+05,1.0462150000e+15,1.7496096008e+00,2.3344860000e+35,1.3276700000e+05
8.3709160000e+05,1.0438590000e+15,1.7542318872e+00,2.3169300000e+35,1.3217130000e+05
8.3809160000e+05,1.0414970000e+15,1.7588546766e+00,2.2994270000e+35,1.3157570000e+05
8.3909160000e+05,1.0391300000e+15,1.7634784718e+00,2.2819780000e+35,1.3098020000e+05
8.4009160000e+05,1.0367580000e+15,1.7681022669e+00,2.2645830000e+35,1.3038490000e+05
8.4109160000e+05,1.0343810000e+15,1.7727265651e+00,2.2472410000e+35,1.2978980000e+05
8.4209160000e+05,1.0319970000e+15,1.7773513661e+00,2.2299540000e+35,1.2919480000e+05
8.4309160000e+05,1.0296090000e+15,1.7819761671e+00,2.2127210000e+35,1.2859990000e+05
8.4409160000e+05,1.0272150000e+15,1.7866014710e+00,2.1955420000e+35,1.2800520000e+05
8.4509150000e+05,1.0248150000e+15,1.7912267750e+00,2.1784170000e+35,1.2741070000e+05
8.4609150000e+05,1.0224100000e+15,1.7958520789e+00,2.1613470000e+35,1.2681620000e+05
8.4709150000e+05,1.0199990000e+15,1.8004778858e+00,2.1443320000e+35,1.2622200000e+05
8.4809150000e+05,1.0175830000e+15,1.8051031897e+00,2.1273700000e+35,1.2562780000e+05
8.4909150000e+05,1.0151600000e+15,1.8097284936e+00,2.1104640000e+35,1.2503380000e+05
8.5009150000e+05,1.0127320000e+15,1.8143537976e+00,2.0936130000e+35,1.2443990000e+05
8.5109150000e+05,1.0102990000e+15,1.8189791015e+00,2.0768160000e+35,1.2384620000e+05
8.5209150000e+05,1.0078590000e+15,1.8236033996e+00,2.0600740000e+35,1.2325250000e+05
8.5309150000e+05,1.0054140000e+15,1.8282282006e+00,2.0433880000e+35,1.2265900000e+05
8.5409150000e+05,1.0029630000e+15,1.8328519958e+00,2.0267560000e+35,1.2206570000e+05
8.5509140000e+05,1.0005060000e+15,1.8374752881e+00,2.0101800000e+35,1.2147240000e+05
8.5609140000e+05,9.9810030000e+14,1.8420985804e+00,1.9936780000e+35,1.2087410000e+05
8.5709140000e+05,9.9570030000e+14,1.8467213697e+00,1.9772120000e+35,1.2027410000e+05
8.5809140000e+05,9.9329420000e+14,1.8513436562e+00,1.9608000000e+35,1.1967430000e+05
8.5909140000e+05,9.9088180000e+14,1.8559654397e+00,1.9444430000e+35,1.1907450000e+05
8.6009140000e+05,9.8846310000e+14,1.8605867203e+00,1.9281410000e+35,1.1847470000e+05
8.6109140000e+05,9.8603810000e+14,1.8652080010e+00,1.9118940000e+35,1.1787500000e+05
8.6209140000e+05,9.8360680000e+14,1.8698277728e+00,1.8957020000e+35,1.1727540000e+05
8.6309140000e+05,9.8116900000e+14,1.8744475447e+00,1.8795650000e+35,1.1667590000e+05
8.6409140000e+05,9.7872470000e+14,1.8790663108e+00,1.8634840000e+35,1.1607640000e+05
8.6509130000e+05,9.7627400000e+14,1.8836840710e+00,1.8474580000e+35,1.1547690000e+05
8.6609130000e+05,9.7381660000e+14,1.8883008254e+00,1.8314870000e+35,1.1487750000e+05
8.6709130000e+05,9.7135270000e+14,1.8929165739e+00,1.8155720000e+35,1.1427820000e+05
8.6809130000e+05,9.6888200000e+14,1.8975318196e+00,1.7997130000e+35,1.1367890000e+05
8.6909130000e+05,9.6640470000e+14,1.9021450536e+00,1.7839100000e+35,1.1307970000e+05
8.7009130000e+05,9.6392050000e+14,1.9067577846e+00,1.7681620000e+35,1.1248050000e+05
8.7109130000e+05,9.6142960000e+14,1.9113690070e+00,1.7524700000e+35,1.1188140000e+05
8.7209130000e+05,9.5893170000e+14,1.9159787206e+00,1.7368350000e+35,1.1128230000e+05
8.7309130000e+05,9.5642690000e+14,1.9205869254e+00,1.7212560000e+35,1.1068320000e+05
8.7409130000e+05,9.5391510000e+14,1.9251936215e+00,1.7057330000e+35,1.1008420000e+05
8.7509120000e+05,9.5139630000e+14,1.9297988089e+00,1.6902670000e+35,1.0948520000e+05
8.7609120000e+05,9.4887030000e+14,1.9344024875e+00,1.6748570000e+35,1.0888620000e+05
8.7709120000e+05,9.4633720000e+14,1.9390041544e+00,1.6595040000e+35,1.0828730000e+05
8.7809120000e+05,9.4379680000e+14,1.9436038097e+00,1.6442070000e+35,1.0768840000e+05
8.7909120000e+05,9.4124920000e+14,1.9482019563e+00,1.6289670000e+35,1.0708960000e+05
8.8009120000e+05,9.3869420000e+14,1.9527980912e+00,1.6137850000e+35,1.0649070000e+05
8.8109120000e+05,9.3613180000e+14,1.9573917115e+00,1.5986590000e+35,1.0589190000e+05
8.8209120000e+05,9.3356190000e+14,1.9619833202e+00,1.5835910000e+35,1.0529310000e+05
8.8309120000e+05,9.3098450000e+14,1.9665729172e+00,1.5685800000e+35,1.0469440000e+05
8.8409120000e+05,9.2839940000e+14,1.9711599996e+00,1.5536260000e+35,1.0409560000e+05
8.8509110000e+05,9.2580670000e+14,1.9757445675e+00,1.5387300000e+35,1.0349690000e+05
8.8609110000e+05,9.2320630000e+14,1.9803271237e+00,1.5238920000e+35,1.0289820000e+05
8.8709110000e+05,9.2059800000e+14,1.9849066624e+00,1.5091110000e+35,1.0229940000e+05
8.8809110000e+05,9.1798190000e+14,1.9894836866e+00,1.4943890000e+35,1.0170070000e+05
8.8909110000e+05,9.1535780000e+14,1.9940576933e+00,1.4797240000e+35,1.0110200000e+05
8.9009110000e+05,9.1272570000e+14,1.9986291853e+00,1.4651170000e+35,1.0050330000e+05
8.9109110000e+05,9.1008550000e+14,2.0031976599e+00,1.4505680000e+35,9.9904620000e+04
8.9209110000e+05,9.0743720000e+14,2.0077631171e+00,1.4360780000e+35,9.9305910000e+04
8.9309110000e+05,9.0478060000e+14,2.0123255567e+00,1.4216460000e+35,9.8707200000e+04
8.9409110000e+05,9.0211570000e+14,2.0168844759e+00,1.4072730000e+35,9.8108480000e+04
8.9509100000e+05,8.9944240000e+14,2.0214403777e+00,1.3929590000e+35,9.7509750000e+04
8.9609100000e+05,8.9676060000e+14,2.0259927590e+00,1.3787030000e+35,9.6911010000e+04
8.9709100000e+05,8.9407030000e+14,2.0305416200e+00,1.3645060000e+35,9.6312250000e+04
8.9809100000e+05,8.9137140000e+14,2.0350869605e+00,1.3503680000e+35,9.5713470000e+04
8.9909100000e+05,8.8866370000e+14,2.0396287806e+00,1.3362890000e+35,9.5114680000e+04
9.0009100000e+05,8.8594730000e+14,2.0441665775e+00,1.3222700000e+35,9.4515860000e+04
9.0109100000e+05,8.8322190000e+14,2.0487008539e+00,1.3083100000e+35,9.3917010000e+04
9.0209100000e+05,8.8048760000e+14,2.0532311070e+00,1.2944090000e+35,9.3318130000e+04
9.0309100000e+05,8.7774430000e+14,2.0577573368e+00,1.2805680000e+35,9.2719220000e+04
9.0409100000e+05,8.7499180000e+14,2.0622790404e+00,1.2667870000e+35,9.2120280000e+04
9.0509090000e+05,8.7223000000e+14,2.0667972235e+00,1.2530660000e+35,9.1521290000e+04
9.0609090000e+05,8.6945890000e+14,2.0713103776e+00,1.2394040000e+35,9.0922270000e+04
9.0709090000e+05,8.6667840000e+14,2.0758195083e+00,1.2258030000e+35,9.0323200000e+04
9.0809090000e+05,8.6388840000e+14,2.0803236098e+00,1.2122620000e+35,8.9724080000e+04
9.0909090000e+05,8.6108870000e+14,2.0848236881e+00,1.1987810000e+35,8.9124920000e+04
9.1009090000e+05,8.5827930000e+14,2.0893187372e+00,1.1853610000e+35,8.8525700000e+04
9.1109090000e+05,8.5546020000e+14,2.0938087571e+00,1.1720020000e+35,8.7926420000e+04
9.1209090000e+05,8.5263100000e+14,2.0982937479e+00,1.1587030000e+35,8.7327080000e+04
9.1309090000e+05,8.4979190000e+14,2.1027742125e+00,1.1454650000e+35,8.6727670000e+04
9.1409090000e+05,8.4694260000e+14,2.1072491450e+00,1.1322880000e+35,8.6128200000e+04
9.1509080000e+05,8.4408300000e+14,2.1117185455e+00,1.1191720000e+35,8.5528660000e+04
9.1609080000e+05,8.4121310000e+14,2.1161829168e+00,1.1061180000e+35,8.4929040000e+04
9.1709080000e+05,8.3833270000e+14,2.1206417561e+00,1.0931240000e+35,8.4329350000e+04
9.1809080000e+05,8.3544180000e+14,2.1250945604e+00,1.0801930000e+35,8.3729570000e+04
9.1909080000e+05,8.3254010000e+14,2.1295423355e+00,1.0673230000e+35,8.3129710000e+04
9.2009080000e+05,8.2962760000e+14,2.1339835728e+00,1.0545150000e+35,8.2529760000e+04
9.2109080000e+05,8.2670410000e+14,2.1384192780e+00,1.0417680000e+35,8.1929710000e+04
9.2209080000e+05,8.2376960000e+14,2.1428489482e+00,1.0290840000e+35,8.1329570000e+04
9.2309080000e+05,8.2082390000e+14,2.1472720805e+00,1.0164620000e+35,8.0729330000e+04
9.2409080000e+05,8.1786680000e+14,2.1516891779e+00,1.0039020000e+35,8.0128980000e+04
9.2509070000e+05,8.1489830000e+14,2.1560997374e+00,9.9140530000e+34,7.9528530000e+04
9.2609070000e+05,8.1191810000e+14,2.1605037590e+00,9.7897070000e+34,7.8927960000e+04
9.2709070000e+05,8.0892630000e+14,2.1649007397e+00,9.6659890000e+34,7.8327270000e+04
9.2809070000e+05,8.0592250000e+14,2.1692911827e+00,9.5428990000e+34,7.7726460000e+04
9.2909070000e+05,8.0290670000e+14,2.1736750877e+00,9.4204410000e+34,7.7125520000e+04
9.3009070000e+05,7.9987870000e+14,2.1780514490e+00,9.2986140000e+34,7.6524450000e+04
9.3109070000e+05,7.9683840000e+14,2.1824207695e+00,9.1774200000e+34,7.5923250000e+04
9.3209070000e+05,7.9378570000e+14,2.1867830491e+00,9.0568610000e+34,7.5321910000e+04
9.3309070000e+05,7.9072030000e+14,2.1911372822e+00,8.9369390000e+34,7.4720420000e+04
9.3409070000e+05,7.8764210000e+14,2.1954844745e+00,8.8176540000e+34,7.4118780000e+04
9.3509060000e+05,7.8455090000e+14,2.1998236201e+00,8.6990090000e+34,7.3516990000e+04
9.3609060000e+05,7.8144660000e+14,2.2041552220e+00,8.5810040000e+34,7.2915030000e+04
9.3709060000e+05,7.7832900000e+14,2.2084787773e+00,8.4636420000e+34,7.2312920000e+04
9.3809060000e+05,7.7519790000e+14,2.2127937830e+00,8.3469230000e+34,7.1710630000e+04
9.3909060000e+05,7.7205320000e+14,2.2171012451e+00,8.2308500000e+34,7.1108170000e+04
9.4009060000e+05,7.6889460000e+14,2.2213996546e+00,8.1154240000e+34,7.0505520000e+04
9.4109060000e+05,7.6572200000e+14,2.2256900175e+00,8.0006460000e+34,6.9902690000e+04
9.4209060000e+05,7.6253520000e+14,2.2299713280e+00,7.8865180000e+34,6.9299670000e+04
9.4309060000e+05,7.5933390000e+14,2.2342440889e+00,7.7730430000e+34,6.8696450000e+04
9.4409060000e+05,7.5611810000e+14,2.2385077974e+00,7.6602200000e+34,6.8093030000e+04
9.4509050000e+05,7.5288740000e+14,2.2427619505e+00,7.5480530000e+34,6.7489400000e+04
9.4609050000e+05,7.4964170000e+14,2.2470070511e+00,7.4365420000e+34,6.6885550000e+04
9.4709050000e+05,7.4638070000e+14,2.2512430993e+00,7.3256890000e+34,6.6281490000e+04
9.4809050000e+05,7.4310420000e+14,2.2554690892e+00,7.2154970000e+34,6.5677190000e+04
9.4909050000e+05,7.3981200000e+14,2.2596855237e+00,7.1059660000e+34,6.5072660000e+04
9.5009050000e+05,7.3650390000e+14,2.2638918999e+00,6.9970990000e+34,6.4467890000e+04
9.5109050000e+05,7.3317960000e+14,2.2680887208e+00,6.8888960000e+34,6.3862880000e+04
9.5209050000e+05,7.2983880000e+14,2.2722749804e+00,6.7813610000e+34,6.3257610000e+04
9.5309050000e+05,7.2648140000e+14,2.2764506789e+00,6.6744940000e+34,6.2652080000e+04
9.5409050000e+05,7.2310700000e+14,2.2806158161e+00,6.5682980000e+34,6.2046280000e+04
9.5509040000e+05,7.1971540000e+14,2.2847703921e+00,6.4627750000e+34,6.1440210000e+04
9.5609040000e+05,7.1630640000e+14,2.2889139041e+00,6.3579250000e+34,6.0833860000e+04
9.5709040000e+05,7.1287950000e+14,2.2930463519e+00,6.2537520000e+34,6.0227210000e+04
9.5809040000e+05,7.0943460000e+14,2.2971677355e+00,6.1502560000e+34,5.9620270000e+04
9.5909040000e+05,7.0597140000e+14,2.3012775522e+00,6.0474400000e+34,5.9013030000e+04
9.6009040000e+05,7.0248950000e+14,2.3053752989e+00,5.9453060000e+34,5.8405480000e+04
9.6109040000e+05,6.9898860000e+14,2.3094619815e+00,5.8438550000e+34,5.7797600000e+04
9.6209040000e+05,6.9546840000e+14,2.3135360912e+00,5.7430910000e+34,5.7189400000e+04
9.6309040000e+05,6.9192860000e+14,2.3175981310e+00,5.6430130000e+34,5.6580860000e+04
9.6409040000e+05,6.8836880000e+14,2.3216481008e+00,5.5436260000e+34,5.5971970000e+04
9.6509030000e+05,6.8478870000e+14,2.3256849949e+00,5.4449300000e+34,5.5362730000e+04
9.6609030000e+05,6.8118780000e+14,2.3297093161e+00,5.3469280000e+34,5.4753130000e+04
9.6709030000e+05,6.7756590000e+14,2.3337210644e+00,5.2496230000e+34,5.4143160000e+04
9.6809030000e+05,6.7392250000e+14,2.3377192341e+00,5.1530150000e+34,5.3532810000e+04
9.6909030000e+05,6.7025730000e+14,2.3417038251e+00,5.0571070000e+34,5.2922070000e+04
9.7009030000e+05,6.6656980000e+14,2.3456753402e+00,4.9619020000e+34,5.2310930000e+04
9.7109030000e+05,6.6285960000e+14,2.3496327738e+00,4.8674020000e+34,5.1699380000e+04
9.7209030000e+05,6.5912620000e+14,2.3535756229e+00,4.7736090000e+34,5.1087420000e+04
9.7309030000e+05,6.5536930000e+14,2.3575048933e+00,4.6805240000e+34,5.0475020000e+04
9.7409030000e+05,6.5158820000e+14,2.3614195791e+00,4.5881520000e+34,4.9862190000e+04
9.7509020000e+05,6.4778270000e+14,2.3653191776e+00,4.4964940000e+34,4.9248910000e+04
9.7609020000e+05,6.4395200000e+14,2.3692041915e+00,4.4055520000e+34,4.8635170000e+04
9.7709020000e+05,6.4009580000e+14,2.3730741179e+00,4.3153290000e+34,4.8020960000e+04
9.7809020000e+05,6.3621340000e+14,2.3769279511e+00,4.2258280000e+34,4.7406260000e+04
9.7909020000e+05,6.3230440000e+14,2.3807666969e+00,4.1370500000e+34,4.6791080000e+04
9.8009020000e+05,6.2836810000e+14,2.3845893494e+00,4.0490000000e+34,4.6175390000e+04
9.8109020000e+05,6.2440400000e+14,2.3883959087e+00,3.9616780000e+34,4.5559180000e+04
9.8209020000e+05,6.2041130000e+14,2.3921858718e+00,3.8750890000e+34,4.4942450000e+04
9.8309020000e+05,6.1638960000e+14,2.3959592387e+00,3.7892340000e+34,4.4325180000e+04
9.8409020000e+05,6.1233800000e+14,2.3997155065e+00,3.7041170000e+34,4.3707350000e+04
9.8509010000e+05,6.0825590000e+14,2.4034541723e+00,3.6197410000e+34,4.3088960000e+04
9.8609010000e+05,6.0414260000e+14,2.4071757390e+00,3.5361070000e+34,4.2470000000e+04
9.8709010000e+05,5.9999730000e+14,2.4108792008e+00,3.4532210000e+34,4.1850440000e+04
9.8809010000e+05,5.9581920000e+14,2.4145645577e+00,3.3710830000e+34,4.1230280000e+04
9.8909010000e+05,5.9160750000e+14,2.4182318097e+00,3.2896990000e+34,4.0609500000e+04
9.9009010000e+05,5.8736140000e+14,2.4218799509e+00,3.2090700000e+34,3.9988080000e+04
9.9109010000e+05,5.8307990000e+14,2.4255089814e+00,3.1292000000e+34,3.9366030000e+04
9.9209010000e+05,5.7876220000e+14,2.4291189011e+00,3.0500930000e+34,3.8743310000e+04
9.9309010000e+05,5.7440720000e+14,2.4327092071e+00,2.9717510000e+34,3.8119910000e+04
9.9409010000e+05,5.7001390000e+14,2.4362788937e+00,2.8941800000e+34,3.7495820000e+04
9.9509000000e+05,5.6558130000e+14,2.4398284637e+00,2.8173810000e+34,3.6871030000e+04
9.9609000000e+05,5.6110830000e+14,2.4433574142e+00,2.7413590000e+34,3.6245520000e+04
9.9709000000e+05,5.5659370000e+14,2.4468652423e+00,2.6661170000e+34,3.5619260000e+04
9.9809000000e+05,5.5203620000e+14,2.4503514450e+00,2.5916610000e+34,3.4992250000e+04
9.9909000000e+05,5.4743460000e+14,2.4538160225e+00,2.5179930000e+34,3.4364470000e+04
1.0000900000e+06,5.4278750000e+14,2.4572579688e+00,2.4451170000e+34,3.3735900000e+04
1.0010900000e+06,5.3809350000e+14,2.4606777869e+00,2.3730390000e+34,3.3106530000e+04
1.0020900000e+06,5.3335110000e+14,2.4640739679e+00,2.3017630000e+34,3.2476330000e+04
1.0030900000e+06,5.2855880000e+14,2.4674470150e+00,2.2312920000e+34,3.1845280000e+04
1.0040900000e+06,5.2371480000e+14,2.4707959221e+00,2.1616320000e+34,3.1213380000e+04
1.0050900000e+06,5.1881750000e+14,2.4741206893e+00,2.0927880000e+34,3.0580590000e+04
1.0060900000e+06,5.1386490000e+14,2.4774203109e+00,2.0247650000e+34,2.9946910000e+04
1.0070900000e+06,5.0885510000e+14,2.4806947867e+00,1.9575680000e+34,2.9312300000e+04
1.0080900000e+06,5.0378600000e+14,2.4839436138e+00,1.8912020000e+34,2.8676750000e+04
1.0090900000e+06,4.9847150000e+14,2.4871657865e+00,1.8294560000e+34,2.8103100000e+04
1.0100900000e+06,4.9217880000e+14,2.4903562756e+00,1.7648500000e+34,2.7526610000e+04
1.0110900000e+06,4.8583490000e+14,2.4935125665e+00,1.7012300000e+34,2.6949500000e+04
1.0120900000e+06,4.7943800000e+14,2.4966336534e+00,1.6386000000e+34,2.6371750000e+04
1.0130900000e+06,4.7298640000e+14,2.4997195363e+00,1.5769640000e+34,2.5793330000e+04
1.0140900000e+06,4.6647810000e+14,2.5027697123e+00,1.5163260000e+34,2.5214210000e+04
1.0150900000e+06,4.5991120000e+14,2.5057826726e+00,1.4566910000e+34,2.4634350000e+04
1.0160900000e+06,4.5328350000e+14,2.5087589201e+00,1.3980640000e+34,2.4053740000e+04
1.0170900000e+06,4.4659280000e+14,2.5116979520e+00,1.3404490000e+34,2.3472330000e+04
1.0180900000e+06,4.3983660000e+14,2.5145982595e+00,1.2838510000e+34,2.2890110000e+04
1.0190900000e+06,4.3301250000e+14,2.5174598425e+00,1.2282760000e+34,2.2307020000e+04
1.0200900000e+06,4.2611750000e+14,2.5202821983e+00,1.1737300000e+34,2.1723050000e+04
1.0210900000e+06,4.1914870000e+14,2.5230643209e+00,1.1202160000e+34,2.1138160000e+04
1.0220900000e+06,4.1210310000e+14,2.5258052045e+00,1.0677430000e+34,2.0552310000e+04
1.0230900000e+06,4.0497710000e+14,2.5285053520e+00,1.0163150000e+34,1.9965470000e+04
1.0240900000e+06,3.9776710000e+14,2.5311627518e+00,9.6593860000e+33,1.9377610000e+04
1.0250900000e+06,3.9046900000e+14,2.5337779068e+00,9.1662150000e+33,1.8788690000e+04
1.0260900000e+06,3.8307870000e+14,2.5363488053e+00,8.6837040000e+33,1.8198680000e+04
1.0270900000e+06,3.7559140000e+14,2.5388754474e+00,8.2119280000e+33,1.7607530000e+04
1.0280900000e+06,3.6800190000e+14,2.5413563242e+00,7.7509660000e+33,1.7015200000e+04
1.0290900000e+06,3.6030490000e+14,2.5437914358e+00,7.3009020000e+33,1.6421670000e+04
1.0300900000e+06,3.5249410000e+14,2.5461792735e+00,6.8618270000e+33,1.5826890000e+04
1.0310900000e+06,3.4456290000e+14,2.5485183285e+00,6.4338340000e+33,1.5230820000e+04
1.0320900000e+06,3.3650390000e+14,2.5508086008e+00,6.0170260000e+33,1.4633410000e+04
1.0330900000e+06,3.2830890000e+14,2.5530485816e+00,5.6115120000e+33,1.4034630000e+04
1.0340900000e+06,3.1996890000e+14,2.5552372652e+00,5.2174080000e+33,1.3434440000e+04
1.0350900000e+06,3.1147360000e+14,2.5573731427e+00,4.8348410000e+33,1.2832780000e+04
1.0360900000e+06,3.0281180000e+14,2.5594547055e+00,4.4639480000e+33,1.2229610000e+04
1.0370900000e+06,2.9397060000e+14,2.5614809477e+00,4.1048770000e+33,1.1624890000e+04
1.0380900000e+06,2.8493540000e+14,2.5634508635e+00,3.7577900000e+33,1.1018560000e+04
1.0390900000e+06,2.7568960000e+14,2.5653614354e+00,3.4228630000e+33,1.0410590000e+04
1.0400900000e+06,2.6621380000e+14,2.5672121604e+00,3.1002910000e+33,9.8009090000e+03
1.0410900000e+06,2.5648590000e+14,2.5690010270e+00,2.7902910000e+33,9.1894730000e+03
1.0420900000e+06,2.4647960000e+14,2.5707255206e+00,2.4931020000e+33,8.5762270000e+03
1.0430900000e+06,2.3616390000e+14,2.5723831265e+00,2.2089930000e+33,7.9611140000e+03
1.0440900000e+06,2.2550170000e+14,2.5739723361e+00,1.9382690000e+33,7.3440770000e+03
1.0450900000e+06,2.1444760000e+14,2.5754896289e+00,1.6812760000e+33,6.7250530000e+03
1.0460900000e+06,2.0294550000e+14,2.5769314846e+00,1.4384130000e+33,6.1039810000e+03
1.0470900000e+06,1.9092440000e+14,2.5782953885e+00,1.2101450000e+33,5.4807920000e+03
1.0480900000e+06,1.7829230000e+14,2.5795758086e+00,9.9702270000e+32,4.8554180000e+03
1.0490900000e+06,1.6492640000e+14,2.5807687216e+00,7.9970820000e+32,4.2277850000e+03
1.0500890000e+06,1.4800620000e+14,2.5818680925e+00,6.0751520000e+32,3.5943190000e+03
1.0510890000e+06,1.1967300000e+14,2.5827989871e+00,4.5533910000e+32,3.3448700000e+03
1.0520890000e+06,9.5180860000e+13,2.5835478267e+00,3.3372880000e+32,3.0949430000e+03
1.0530890000e+06,7.4253050000e+13,2.5841387511e+00,2.3827000000e+32,2.8443870000e+03
1.0540890000e+06,5.6612620000e+13,2.5845959003e+00,1.6490060000e+32,2.5930740000e+03
1.0550890000e+06,4.1982910000e+13,2.5849408996e+00,1.0991030000e+32,2.3408990000e+03
1.0560890000e+06,3.0087690000e+13,2.5851928598e+00,6.9938040000e+31,2.0877720000e+03
1.0570890000e+06,2.0651120000e+13,2.5853708915e+00,4.1969200000e+31,1.8336250000e+03
1.0580890000e+06,1.3397490000e+13,2.5854895793e+00,2.3331210000e+31,1.5784070000e+03
1.0590890000e+06,8.0506150000e+12,2.5855645135e+00,1.1689430000e+31,1.3220950000e+03
1.0600890000e+06,4.3329340000e+12,2.5856077642e+00,5.0433270000e+30,1.0647140000e+03
1.0610890000e+06,1.9640800000e+12,2.5856293895e+00,1.7236410000e+30,8.0646830000e+02
1.0620890000e+06,6.5930890000e+11,2.5856379390e+00,3.9189500000e+29,5.4875720000e+02
